,match_id,game,blue_team,red_team,result,GEN,T1,DRX,DK,HLE,KT,LSB,NS,KDF,BRION
0,1,game_1,DK,DRX,DK,0,0,0.0,1.0,0,0,0,0,0,0
1,2,game_2,DK,DRX,DK,0,0,0.0,1.0,0,0,0,0,0,0
2,3,game_1,T1,GEN,T1,0.0,1.0,0.0,1.0,0,0,0,0,0,0
3,4,game_2,T1,GEN,T1,0.0,1.0,0.0,1.0,0,0,0,0,0,0
4,5,game_1,KDF,HLE,HLE,0.0,1.0,0.0,1.0,1.0,0,0,0,0.0,0
5,6,game_2,KDF,HLE,HLE,0.0,1.0,0.0,1.0,1.0,0,0,0,0.0,0
6,7,game_1,NS,BRION,BRION,0.0,1.0,0.0,1.0,1.0,0,0,0.0,0.0,1.0
7,8,game_2,BRION,NS,BRION,0.0,1.0,0.0,1.0,1.0,0,0,0.0,0.0,1.0
8,9,game_1,T1,KT,KT,0.0,0.67,0.0,1.0,1.0,1.0,0,0.0,0.0,1.0
9,10,game_2,T1,KT,T1,0.0,0.75,0.0,1.0,1.0,0.5,0,0.0,0.0,1.0
10,11,game_3,T1,KT,T1,0.0,0.8,0.0,1.0,1.0,0.33,0,0.0,0.0,1.0
11,12,game_1,DK,LSB,DK,0.0,0.8,0.0,1.0,1.0,0.33,0.0,0.0,0.0,1.0
12,13,game_2,DK,LSB,DK,0.0,0.8,0.0,1.0,1.0,0.33,0.0,0.0,0.0,1.0
13,14,game_1,GEN,DRX,GEN,0.33,0.8,0.0,1.0,1.0,0.33,0.0,0.0,0.0,1.0
14,15,game_2,DRX,GEN,GEN,0.5,0.8,0.0,1.0,1.0,0.33,0.0,0.0,0.0,1.0
15,16,game_1,KDF,BRION,BRION,0.5,0.8,0.0,1.0,1.0,0.33,0.0,0.0,0.0,1.0
16,17,game_2,KDF,BRION,KDF,0.5,0.8,0.0,1.0,1.0,0.33,0.0,0.0,0.25,0.75
17,18,game_3,BRION,KDF,BRION,0.5,0.8,0.0,1.0,1.0,0.33,0.0,0.0,0.2,0.8
18,19,game_1,HLE,LSB,LSB,0.5,0.8,0.0,1.0,0.67,0.33,0.33,0.0,0.2,0.8
19,20,game_2,HLE,LSB,HLE,0.5,0.8,0.0,1.0,0.75,0.33,0.25,0.0,0.2,0.8
20,21,game_3,HLE,LSB,LSB,0.5,0.8,0.0,1.0,0.6,0.33,0.4,0.0,0.2,0.8
21,22,game_1,KT,NS,NS,0.5,0.8,0.0,1.0,0.6,0.25,0.4,0.33,0.2,0.8
22,23,game_2,KT,NS,KT,0.5,0.8,0.0,1.0,0.6,0.4,0.4,0.25,0.2,0.8
23,24,game_3,KT,NS,KT,0.5,0.8,0.0,1.0,0.6,0.5,0.4,0.2,0.2,0.8
24,25,game_1,NS,DK,DK,0.5,0.8,0.0,1.0,0.6,0.5,0.4,0.17,0.2,0.8
25,26,game_2,DK,NS,DK,0.5,0.8,0.0,1.0,0.6,0.5,0.4,0.14,0.2,0.8
26,27,game_1,LSB,KT,LSB,0.5,0.8,0.0,1.0,0.6,0.43,0.5,0.14,0.2,0.8
27,28,game_2,KT,LSB,KT,0.5,0.8,0.0,1.0,0.6,0.5,0.43,0.14,0.2,0.8
28,29,game_3,LSB,KT,LSB,0.5,0.8,0.0,1.0,0.6,0.44,0.5,0.14,0.2,0.8
29,30,game_1,GEN,BRION,GEN,0.6,0.8,0.0,1.0,0.6,0.44,0.5,0.14,0.2,0.67
30,31,game_2,BRION,GEN,GEN,0.67,0.8,0.0,1.0,0.6,0.44,0.5,0.14,0.2,0.57
31,32,game_1,T1,KDF,T1,0.67,0.83,0.0,1.0,0.6,0.44,0.5,0.14,0.17,0.57
32,33,game_2,KDF,T1,T1,0.67,0.86,0.0,1.0,0.6,0.44,0.5,0.14,0.14,0.57
33,34,game_1,DRX,NS,DRX,0.67,0.86,0.2,1.0,0.6,0.44,0.5,0.12,0.14,0.57
34,35,game_2,DRX,NS,NS,0.67,0.86,0.17,1.0,0.6,0.44,0.5,0.22,0.14,0.57
35,36,game_3,NS,DRX,NS,0.67,0.86,0.14,1.0,0.6,0.44,0.5,0.3,0.14,0.57
36,37,game_1,HLE,KT,KT,0.67,0.86,0.14,1.0,0.5,0.5,0.5,0.3,0.14,0.57
37,38,game_2,HLE,KT,KT,0.67,0.86,0.14,1.0,0.43,0.55,0.5,0.3,0.14,0.57
38,39,game_1,T1,DK,DK,0.67,0.75,0.14,1.0,0.43,0.55,0.5,0.3,0.14,0.57
39,40,game_2,T1,DK,T1,0.67,0.78,0.14,0.88,0.43,0.55,0.5,0.3,0.14,0.57
40,41,game_3,DK,T1,T1,0.67,0.8,0.14,0.78,0.43,0.55,0.5,0.3,0.14,0.57
41,42,game_1,BRION,LSB,BRION,0.67,0.8,0.14,0.78,0.43,0.55,0.44,0.3,0.14,0.62
42,43,game_2,BRION,LSB,LSB,0.67,0.8,0.14,0.78,0.43,0.55,0.5,0.3,0.14,0.56
43,44,game_3,BRION,LSB,LSB,0.67,0.8,0.14,0.78,0.43,0.55,0.55,0.3,0.14,0.5
44,45,game_1,HLE,GEN,GEN,0.71,0.8,0.14,0.78,0.38,0.55,0.55,0.3,0.14,0.5
45,46,game_2,GEN,HLE,HLE,0.62,0.8,0.14,0.78,0.44,0.55,0.55,0.3,0.14,0.5
46,47,game_3,GEN,HLE,GEN,0.67,0.8,0.14,0.78,0.4,0.55,0.55,0.3,0.14,0.5
47,48,game_1,KDF,DRX,DRX,0.67,0.8,0.25,0.78,0.4,0.55,0.55,0.3,0.12,0.5
48,49,game_2,KDF,DRX,DRX,0.67,0.8,0.33,0.78,0.4,0.55,0.55,0.3,0.11,0.5
49,50,game_1,LSB,NS,LSB,0.67,0.8,0.33,0.78,0.4,0.55,0.58,0.27,0.11,0.5
50,51,game_2,NS,LSB,LSB,0.67,0.8,0.33,0.78,0.4,0.55,0.62,0.25,0.11,0.5
51,52,game_1,GEN,DK,GEN,0.7,0.8,0.33,0.7,0.4,0.55,0.62,0.25,0.11,0.5
52,53,game_2,GEN,DK,GEN,0.73,0.8,0.33,0.64,0.4,0.55,0.62,0.25,0.11,0.5
53,54,game_1,DRX,BRION,BRION,0.73,0.8,0.3,0.64,0.4,0.55,0.62,0.25,0.11,0.55
54,55,game_2,BRION,DRX,DRX,0.73,0.8,0.36,0.64,0.4,0.55,0.62,0.25,0.11,0.5
55,56,game_3,DRX,BRION,BRION,0.73,0.8,0.33,0.64,0.4,0.55,0.62,0.25,0.11,0.54
56,57,game_1,HLE,T1,T1,0.73,0.82,0.33,0.64,0.36,0.55,0.62,0.25,0.11,0.54
57,58,game_2,T1,HLE,HLE,0.73,0.75,0.33,0.64,0.42,0.55,0.62,0.25,0.11,0.54
58,59,game_3,HLE,T1,HLE,0.73,0.69,0.33,0.64,0.46,0.55,0.62,0.25,0.11,0.54
59,60,game_1,KT,KDF,KDF,0.73,0.69,0.33,0.64,0.46,0.5,0.62,0.25,0.2,0.54
60,61,game_2,KDF,KT,KDF,0.73,0.69,0.33,0.64,0.46,0.46,0.62,0.25,0.27,0.54
61,62,game_1,GEN,LSB,LSB,0.67,0.69,0.33,0.64,0.46,0.46,0.64,0.25,0.27,0.54
62,63,game_2,GEN,LSB,GEN,0.69,0.69,0.33,0.64,0.46,0.46,0.6,0.25,0.27,0.54
63,64,game_3,GEN,LSB,GEN,0.71,0.69,0.33,0.64,0.46,0.46,0.56,0.25,0.27,0.54
64,65,game_1,HLE,DRX,DRX,0.71,0.69,0.38,0.64,0.43,0.46,0.56,0.25,0.27,0.54
65,66,game_2,DRX,HLE,HLE,0.71,0.69,0.36,0.64,0.47,0.46,0.56,0.25,0.27,0.54
66,67,game_3,HLE,DRX,HLE,0.71,0.69,0.33,0.64,0.5,0.46,0.56,0.25,0.27,0.54
67,68,game_1,T1,NS,T1,0.71,0.71,0.33,0.64,0.5,0.46,0.56,0.23,0.27,0.54
68,69,game_2,NS,T1,NS,0.71,0.67,0.33,0.64,0.5,0.46,0.56,0.29,0.27,0.54
69,70,game_3,T1,NS,T1,0.71,0.69,0.33,0.64,0.5,0.46,0.56,0.27,0.27,0.54
70,71,game_1,BRION,KT,KT,0.71,0.69,0.33,0.64,0.5,0.5,0.56,0.27,0.27,0.5
71,72,game_2,KT,BRION,KT,0.71,0.69,0.33,0.64,0.5,0.53,0.56,0.27,0.27,0.47
72,73,game_1,KDF,DK,DK,0.71,0.69,0.33,0.67,0.5,0.53,0.56,0.27,0.25,0.47
73,74,game_2,KDF,DK,KDF,0.71,0.69,0.33,0.62,0.5,0.53,0.56,0.27,0.31,0.47
74,75,game_3,DK,KDF,DK,0.71,0.69,0.33,0.64,0.5,0.53,0.56,0.27,0.29,0.47
75,76,game_1,LSB,KDF,KDF,0.71,0.69,0.33,0.64,0.5,0.53,0.53,0.27,0.33,0.47
76,77,game_2,KDF,LSB,LSB,0.71,0.69,0.33,0.64,0.5,0.53,0.56,0.27,0.31,0.47
77,78,game_3,LSB,KDF,LSB,0.71,0.69,0.33,0.64,0.5,0.53,0.58,0.27,0.29,0.47
78,79,game_1,T1,BRION,T1,0.71,0.71,0.33,0.64,0.5,0.53,0.58,0.27,0.29,0.44
79,80,game_2,BRION,T1,T1,0.71,0.72,0.33,0.64,0.5,0.53,0.58,0.27,0.29,0.41
80,81,game_1,DK,KT,DK,0.71,0.72,0.33,0.67,0.5,0.5,0.58,0.27,0.29,0.41
81,82,game_2,KT,DK,KT,0.71,0.72,0.33,0.62,0.5,0.53,0.58,0.27,0.29,0.41
82,83,game_3,DK,KT,KT,0.71,0.72,0.33,0.59,0.5,0.56,0.58,0.27,0.29,0.41
83,84,game_1,GEN,NS,GEN,0.73,0.72,0.33,0.59,0.5,0.56,0.58,0.25,0.29,0.41
84,85,game_2,NS,GEN,GEN,0.75,0.72,0.33,0.59,0.5,0.56,0.58,0.24,0.29,0.41
85,86,game_1,BRION,HLE,HLE,0.75,0.72,0.33,0.59,0.53,0.56,0.58,0.24,0.29,0.39
86,87,game_2,BRION,HLE,BRION,0.75,0.72,0.33,0.59,0.5,0.56,0.58,0.24,0.29,0.42
87,88,game_3,BRION,HLE,HLE,0.75,0.72,0.33,0.59,0.53,0.56,0.58,0.24,0.29,0.4
88,89,game_1,DRX,LSB,LSB,0.75,0.72,0.31,0.59,0.53,0.56,0.6,0.24,0.29,0.4
89,90,game_2,DRX,LSB,DRX,0.75,0.72,0.35,0.59,0.53,0.56,0.57,0.24,0.29,0.4
90,91,game_3,LSB,DRX,LSB,0.75,0.72,0.33,0.59,0.53,0.56,0.59,0.24,0.29,0.4
91,92,game_1,KDF,NS,KDF,0.75,0.72,0.33,0.59,0.53,0.56,0.59,0.22,0.33,0.4
92,93,game_2,NS,KDF,KDF,0.75,0.72,0.33,0.59,0.53,0.56,0.59,0.21,0.37,0.4
93,94,game_1,KT,GEN,GEN,0.76,0.72,0.33,0.59,0.53,0.53,0.59,0.21,0.37,0.4
94,95,game_2,GEN,KT,KT,0.72,0.72,0.33,0.59,0.53,0.55,0.59,0.21,0.37,0.4
95,96,game_3,KT,GEN,KT,0.68,0.72,0.33,0.59,0.53,0.57,0.59,0.21,0.37,0.4
96,97,game_1,DK,HLE,DK,0.68,0.72,0.33,0.61,0.5,0.57,0.59,0.21,0.37,0.4
97,98,game_2,HLE,DK,DK,0.68,0.72,0.33,0.63,0.48,0.57,0.59,0.21,0.37,0.4
98,99,game_1,T1,DRX,T1,0.68,0.74,0.32,0.63,0.48,0.57,0.59,0.21,0.37,0.4
99,100,game_2,DRX,T1,T1,0.68,0.75,0.3,0.63,0.48,0.57,0.59,0.21,0.37,0.4
100,101,game_1,DRX,KT,KT,0.68,0.75,0.29,0.63,0.48,0.59,0.59,0.21,0.37,0.4
101,102,game_2,KT,DRX,KT,0.68,0.75,0.27,0.63,0.48,0.61,0.59,0.21,0.37,0.4
102,103,game_1,NS,HLE,HLE,0.68,0.75,0.27,0.63,0.5,0.61,0.59,0.2,0.37,0.4
103,104,game_2,NS,HLE,HLE,0.68,0.75,0.27,0.63,0.52,0.61,0.59,0.19,0.37,0.4
104,105,game_1,BRION,DK,DK,0.68,0.75,0.27,0.65,0.52,0.61,0.59,0.19,0.37,0.38
105,106,game_2,BRION,DK,DK,0.68,0.75,0.27,0.67,0.52,0.61,0.59,0.19,0.37,0.36
106,107,game_1,KDF,GEN,GEN,0.7,0.75,0.27,0.67,0.52,0.61,0.59,0.19,0.35,0.36
107,108,game_2,KDF,GEN,KDF,0.67,0.75,0.27,0.67,0.52,0.61,0.59,0.19,0.38,0.36
108,109,game_3,KDF,GEN,GEN,0.68,0.75,0.27,0.67,0.52,0.61,0.59,0.19,0.36,0.36
109,110,game_1,LSB,T1,LSB,0.68,0.71,0.27,0.67,0.52,0.61,0.61,0.19,0.36,0.36
110,111,game_2,T1,LSB,T1,0.68,0.73,0.27,0.67,0.52,0.61,0.58,0.19,0.36,0.36
111,112,game_3,LSB,T1,T1,0.68,0.74,0.27,0.67,0.52,0.61,0.56,0.19,0.36,0.36
112,113,game_1,HLE,DRX,HLE,0.68,0.74,0.26,0.67,0.54,0.61,0.56,0.19,0.36,0.36
113,114,game_2,DRX,HLE,HLE,0.68,0.74,0.25,0.67,0.56,0.61,0.56,0.19,0.36,0.36
114,115,game_1,KDF,BRION,KDF,0.68,0.74,0.25,0.67,0.56,0.61,0.56,0.19,0.39,0.35
115,116,game_2,BRION,KDF,BRION,0.68,0.74,0.25,0.67,0.56,0.61,0.56,0.19,0.38,0.38
116,117,game_3,KDF,BRION,BRION,0.68,0.74,0.25,0.67,0.56,0.61,0.56,0.19,0.36,0.4
117,118,game_1,NS,KT,KT,0.68,0.74,0.25,0.67,0.56,0.62,0.56,0.18,0.36,0.4
118,119,game_2,NS,KT,KT,0.68,0.74,0.25,0.67,0.56,0.64,0.56,0.17,0.36,0.4
119,120,game_1,T1,GEN,GEN,0.7,0.71,0.25,0.67,0.56,0.64,0.56,0.17,0.36,0.4
120,121,game_2,T1,GEN,T1,0.67,0.72,0.25,0.67,0.56,0.64,0.56,0.17,0.36,0.4
121,122,game_3,GEN,T1,T1,0.64,0.73,0.25,0.67,0.56,0.64,0.56,0.17,0.36,0.4
122,123,game_1,DK,LSB,LSB,0.64,0.73,0.25,0.64,0.56,0.64,0.58,0.17,0.36,0.4
123,124,game_2,DK,LSB,LSB,0.64,0.73,0.25,0.61,0.56,0.64,0.59,0.17,0.36,0.4
124,125,game_1,NS,GEN,GEN,0.65,0.73,0.25,0.61,0.56,0.64,0.59,0.17,0.36,0.4
125,126,game_2,NS,GEN,GEN,0.67,0.73,0.25,0.61,0.56,0.64,0.59,0.16,0.36,0.4
126,127,game_1,KT,DK,DK,0.67,0.73,0.25,0.62,0.56,0.62,0.59,0.16,0.36,0.4
127,128,game_2,DK,KT,DK,0.67,0.73,0.25,0.64,0.56,0.59,0.59,0.16,0.36,0.4
128,129,game_1,HLE,BRION,HLE,0.67,0.73,0.25,0.64,0.58,0.59,0.59,0.16,0.36,0.38
129,130,game_2,BRION,HLE,BRION,0.67,0.73,0.25,0.64,0.56,0.59,0.59,0.16,0.36,0.41
130,131,game_3,HLE,BRION,HLE,0.67,0.73,0.25,0.64,0.57,0.59,0.59,0.16,0.36,0.39
131,132,game_1,T1,LSB,T1,0.67,0.74,0.25,0.64,0.57,0.59,0.57,0.16,0.36,0.39
132,133,game_2,LSB,T1,T1,0.67,0.75,0.25,0.64,0.57,0.59,0.55,0.16,0.36,0.39
133,134,game_1,GEN,DRX,GEN,0.68,0.75,0.24,0.64,0.57,0.59,0.55,0.16,0.36,0.39
134,135,game_2,DRX,GEN,GEN,0.69,0.75,0.23,0.64,0.57,0.59,0.55,0.16,0.36,0.39
135,136,game_1,DK,KDF,DK,0.69,0.75,0.23,0.65,0.57,0.59,0.55,0.16,0.35,0.39
136,137,game_2,KDF,DK,DK,0.69,0.75,0.23,0.67,0.57,0.59,0.55,0.16,0.33,0.39
137,138,game_1,T1,KT,T1,0.69,0.76,0.23,0.67,0.57,0.57,0.55,0.16,0.33,0.39
138,139,game_2,T1,KT,T1,0.69,0.77,0.23,0.67,0.57,0.55,0.55,0.16,0.33,0.39
139,140,game_1,NS,LSB,NS,0.69,0.77,0.23,0.67,0.57,0.55,0.53,0.19,0.33,0.39
140,141,game_2,LSB,NS,LSB,0.69,0.77,0.23,0.67,0.57,0.55,0.55,0.19,0.33,0.39
141,142,game_3,NS,LSB,LSB,0.69,0.77,0.23,0.67,0.57,0.55,0.56,0.18,0.33,0.39
142,143,game_1,BRION,DRX,BRION,0.69,0.77,0.22,0.67,0.57,0.55,0.56,0.18,0.33,0.41
143,144,game_2,DRX,BRION,DRX,0.69,0.77,0.25,0.67,0.57,0.55,0.56,0.18,0.33,0.4
144,145,game_3,BRION,DRX,DRX,0.69,0.77,0.28,0.67,0.57,0.55,0.56,0.18,0.33,0.39
145,146,game_1,HLE,KDF,HLE,0.69,0.77,0.28,0.67,0.59,0.55,0.56,0.18,0.32,0.39
146,147,game_2,KDF,HLE,HLE,0.69,0.77,0.28,0.67,0.6,0.55,0.56,0.18,0.31,0.39
147,148,game_1,KDF,T1,T1,0.69,0.77,0.28,0.67,0.6,0.55,0.56,0.18,0.3,0.39
148,149,game_2,KDF,T1,T1,0.69,0.78,0.28,0.67,0.6,0.55,0.56,0.18,0.29,0.39
149,150,game_1,DRX,DK,DK,0.69,0.78,0.27,0.68,0.6,0.55,0.56,0.18,0.29,0.39
150,151,game_2,DK,DRX,DK,0.69,0.78,0.26,0.69,0.6,0.55,0.56,0.18,0.29,0.39
151,152,game_1,KT,GEN,KT,0.67,0.78,0.26,0.69,0.6,0.57,0.56,0.18,0.29,0.39
152,153,game_2,GEN,KT,GEN,0.68,0.78,0.26,0.69,0.6,0.55,0.56,0.18,0.29,0.39
153,154,game_3,GEN,KT,KT,0.66,0.78,0.26,0.69,0.6,0.56,0.56,0.18,0.29,0.39
154,155,game_1,HLE,NS,HLE,0.66,0.78,0.26,0.69,0.61,0.56,0.56,0.17,0.29,0.39
155,156,game_2,NS,HLE,HLE,0.66,0.78,0.26,0.69,0.62,0.56,0.56,0.17,0.29,0.39
156,157,game_1,LSB,KDF,LSB,0.66,0.78,0.26,0.69,0.62,0.56,0.58,0.17,0.28,0.39
157,158,game_2,KDF,LSB,KDF,0.66,0.78,0.26,0.69,0.62,0.56,0.56,0.17,0.3,0.39
158,159,game_3,LSB,KDF,KDF,0.66,0.78,0.26,0.69,0.62,0.56,0.54,0.17,0.32,0.39
159,160,game_1,BRION,T1,T1,0.66,0.79,0.26,0.69,0.62,0.56,0.54,0.17,0.32,0.38
160,161,game_2,T1,BRION,T1,0.66,0.79,0.26,0.69,0.62,0.56,0.54,0.17,0.32,0.36
161,162,game_1,HLE,DK,DK,0.66,0.79,0.26,0.7,0.61,0.56,0.54,0.17,0.32,0.36
162,163,game_2,HLE,DK,DK,0.66,0.79,0.26,0.71,0.59,0.56,0.54,0.17,0.32,0.36
163,164,game_1,NS,DRX,DRX,0.66,0.79,0.28,0.71,0.59,0.56,0.54,0.16,0.32,0.36
164,165,game_2,NS,DRX,NS,0.66,0.79,0.27,0.71,0.59,0.56,0.54,0.19,0.32,0.36
165,166,game_3,DRX,NS,DRX,0.66,0.79,0.29,0.71,0.59,0.56,0.54,0.18,0.32,0.36
166,167,game_1,LSB,KT,KT,0.66,0.79,0.29,0.71,0.59,0.58,0.53,0.18,0.32,0.36
167,168,game_2,LSB,KT,KT,0.66,0.79,0.29,0.71,0.59,0.59,0.51,0.18,0.32,0.36
168,169,game_1,BRION,GEN,GEN,0.67,0.79,0.29,0.71,0.59,0.59,0.51,0.18,0.32,0.35
169,170,game_2,GEN,BRION,GEN,0.68,0.79,0.29,0.71,0.59,0.59,0.51,0.18,0.32,0.34
170,171,game_1,KDF,NS,KDF,0.68,0.79,0.29,0.71,0.59,0.59,0.51,0.18,0.34,0.34
171,172,game_2,NS,KDF,NS,0.68,0.79,0.29,0.71,0.59,0.59,0.51,0.2,0.33,0.34
172,173,game_3,KDF,NS,KDF,0.68,0.79,0.29,0.71,0.59,0.59,0.51,0.19,0.35,0.34
173,174,game_1,KT,HLE,KT,0.68,0.79,0.29,0.71,0.57,0.6,0.51,0.19,0.35,0.34
174,175,game_2,HLE,KT,HLE,0.68,0.79,0.29,0.71,0.58,0.58,0.51,0.19,0.35,0.34
175,176,game_3,KT,HLE,KT,0.68,0.79,0.29,0.71,0.57,0.59,0.51,0.19,0.35,0.34
176,177,game_1,GEN,LSB,GEN,0.69,0.79,0.29,0.71,0.57,0.59,0.5,0.19,0.35,0.34
177,178,game_2,LSB,GEN,GEN,0.69,0.79,0.29,0.71,0.57,0.59,0.49,0.19,0.35,0.34
178,179,game_1,T1,DRX,T1,0.69,0.8,0.29,0.71,0.57,0.59,0.49,0.19,0.35,0.34
179,180,game_2,DRX,T1,T1,0.69,0.81,0.28,0.71,0.57,0.59,0.49,0.19,0.35,0.34
180,181,game_1,DK,NS,DK,0.69,0.81,0.28,0.72,0.57,0.59,0.49,0.19,0.35,0.34
181,182,game_2,NS,DK,DK,0.69,0.81,0.28,0.73,0.57,0.59,0.49,0.18,0.35,0.34
182,183,game_1,BRION,KT,KT,0.69,0.81,0.28,0.73,0.57,0.61,0.49,0.18,0.35,0.33
183,184,game_2,BRION,KT,KT,0.69,0.81,0.28,0.73,0.57,0.62,0.49,0.18,0.35,0.32
184,185,game_1,LSB,DRX,DRX,0.69,0.81,0.3,0.73,0.57,0.62,0.47,0.18,0.35,0.32
185,186,game_2,DRX,LSB,LSB,0.69,0.81,0.29,0.73,0.57,0.62,0.49,0.18,0.35,0.32
186,187,game_3,DRX,LSB,LSB,0.69,0.81,0.28,0.73,0.57,0.62,0.5,0.18,0.35,0.32
187,188,game_1,T1,HLE,HLE,0.69,0.78,0.28,0.73,0.58,0.62,0.5,0.18,0.35,0.32
188,189,game_2,T1,HLE,T1,0.69,0.79,0.28,0.73,0.56,0.62,0.5,0.18,0.35,0.32
189,190,game_3,T1,HLE,T1,0.69,0.79,0.28,0.73,0.55,0.62,0.5,0.18,0.35,0.32
190,191,game_1,DK,BRION,BRION,0.69,0.79,0.28,0.71,0.55,0.62,0.5,0.18,0.35,0.34
191,192,game_2,DK,BRION,DK,0.69,0.79,0.28,0.71,0.55,0.62,0.5,0.18,0.35,0.33
192,193,game_3,BRION,DK,DK,0.69,0.79,0.28,0.72,0.55,0.62,0.5,0.18,0.35,0.33
193,194,game_1,GEN,KDF,GEN,0.7,0.79,0.28,0.72,0.55,0.62,0.5,0.18,0.34,0.33
194,195,game_2,KDF,GEN,KDF,0.68,0.79,0.28,0.72,0.55,0.62,0.5,0.18,0.36,0.33
195,196,game_3,GEN,KDF,KDF,0.67,0.79,0.28,0.72,0.55,0.62,0.5,0.18,0.38,0.33
196,197,game_1,KDF,DRX,KDF,0.67,0.79,0.28,0.72,0.55,0.62,0.5,0.18,0.39,0.33
197,198,game_2,KDF,DRX,DRX,0.67,0.79,0.29,0.72,0.55,0.62,0.5,0.18,0.38,0.33
198,199,game_3,KDF,DRX,KDF,0.67,0.79,0.29,0.72,0.55,0.62,0.5,0.18,0.4,0.33
199,200,game_1,LSB,BRION,LSB,0.67,0.79,0.29,0.72,0.55,0.62,0.51,0.18,0.4,0.32
200,201,game_2,BRION,LSB,LSB,0.67,0.79,0.29,0.72,0.55,0.62,0.52,0.18,0.4,0.31
201,202,game_1,DK,T1,T1,0.67,0.8,0.29,0.7,0.55,0.62,0.52,0.18,0.4,0.31
202,203,game_2,DK,T1,T1,0.67,0.8,0.29,0.68,0.55,0.62,0.52,0.18,0.4,0.31
203,204,game_1,HLE,GEN,GEN,0.68,0.8,0.29,0.68,0.54,0.62,0.52,0.18,0.4,0.31
204,205,game_2,HLE,GEN,GEN,0.68,0.8,0.29,0.68,0.52,0.62,0.52,0.18,0.4,0.31
205,206,game_1,KDF,KT,KT,0.68,0.8,0.29,0.68,0.52,0.62,0.52,0.18,0.39,0.31
206,207,game_2,KDF,KT,KT,0.68,0.8,0.29,0.68,0.52,0.63,0.52,0.18,0.38,0.31
207,208,game_1,BRION,NS,NS,0.68,0.8,0.29,0.68,0.52,0.63,0.52,0.21,0.38,0.3
208,209,game_2,BRION,NS,NS,0.68,0.8,0.29,0.68,0.52,0.63,0.52,0.23,0.38,0.3
209,210,game_1,HLE,LSB,HLE,0.68,0.8,0.29,0.68,0.53,0.63,0.51,0.23,0.38,0.3
210,211,game_2,LSB,HLE,LSB,0.68,0.8,0.29,0.68,0.52,0.63,0.52,0.23,0.38,0.3
211,212,game_3,HLE,LSB,HLE,0.68,0.8,0.29,0.68,0.53,0.63,0.51,0.23,0.38,0.3
212,213,game_1,GEN,DK,GEN,0.69,0.8,0.29,0.67,0.53,0.63,0.51,0.23,0.38,0.3
213,214,game_2,GEN,DK,GEN,0.7,0.8,0.29,0.65,0.53,0.63,0.51,0.23,0.38,0.3
214,215,game_1,T1,NS,T1,0.7,0.81,0.29,0.65,0.53,0.63,0.51,0.22,0.38,0.3
215,216,game_2,NS,T1,T1,0.7,0.81,0.29,0.65,0.53,0.63,0.51,0.21,0.38,0.3
216,217,game_1,KT,DRX,KT,0.7,0.81,0.28,0.65,0.53,0.64,0.51,0.21,0.38,0.3
217,218,game_2,KT,DRX,KT,0.7,0.81,0.27,0.65,0.53,0.65,0.51,0.21,0.38,0.3
218,219,game_1,LSB,KT,KT,0.7,0.81,0.27,0.65,0.53,0.66,0.5,0.21,0.38,0.3
219,220,game_2,LSB,KT,LSB,0.7,0.81,0.27,0.65,0.53,0.64,0.51,0.21,0.38,0.3
220,221,game_3,KT,LSB,KT,0.7,0.81,0.27,0.65,0.53,0.65,0.5,0.21,0.38,0.3
221,222,game_4,LSB,KT,KT,0.7,0.81,0.27,0.65,0.53,0.66,0.49,0.21,0.38,0.3
222,223,game_1,DK,HLE,HLE,0.7,0.81,0.27,0.63,0.54,0.66,0.49,0.21,0.38,0.3
223,224,game_2,DK,HLE,DK,0.7,0.81,0.27,0.64,0.53,0.66,0.49,0.21,0.38,0.3
224,225,game_3,HLE,DK,HLE,0.7,0.81,0.27,0.63,0.54,0.66,0.49,0.21,0.38,0.3
225,226,game_4,DK,HLE,HLE,0.7,0.81,0.27,0.61,0.55,0.66,0.49,0.21,0.38,0.3
226,227,game_1,T1,KT,T1,0.7,0.82,0.27,0.61,0.55,0.65,0.49,0.21,0.38,0.3
227,228,game_2,KT,T1,KT,0.7,0.8,0.27,0.61,0.55,0.65,0.49,0.21,0.38,0.3
228,229,game_3,T1,KT,T1,0.7,0.8,0.27,0.61,0.55,0.64,0.49,0.21,0.38,0.3
229,230,game_4,KT,T1,KT,0.7,0.79,0.27,0.61,0.55,0.65,0.49,0.21,0.38,0.3
230,231,game_5,T1,KT,T1,0.7,0.79,0.27,0.61,0.55,0.63,0.49,0.21,0.38,0.3
231,232,game_1,GEN,HLE,GEN,0.7,0.79,0.27,0.61,0.54,0.63,0.49,0.21,0.38,0.3
232,233,game_2,HLE,GEN,GEN,0.71,0.79,0.27,0.61,0.53,0.63,0.49,0.21,0.38,0.3
233,234,game_3,HLE,GEN,HLE,0.7,0.79,0.27,0.61,0.54,0.63,0.49,0.21,0.38,0.3
234,235,game_4,GEN,HLE,GEN,0.7,0.79,0.27,0.61,0.53,0.63,0.49,0.21,0.38,0.3
235,236,game_1,T1,GEN,T1,0.69,0.8,0.27,0.61,0.53,0.63,0.49,0.21,0.38,0.3
236,237,game_2,GEN,T1,T1,0.67,0.8,0.27,0.61,0.53,0.63,0.49,0.21,0.38,0.3
237,238,game_3,GEN,T1,GEN,0.68,0.78,0.27,0.61,0.53,0.63,0.49,0.21,0.38,0.3
238,239,game_4,T1,GEN,T1,0.67,0.79,0.27,0.61,0.53,0.63,0.49,0.21,0.38,0.3
239,240,game_1,KT,HLE,KT,0.67,0.79,0.27,0.61,0.52,0.64,0.49,0.21,0.38,0.3
240,241,game_2,HLE,KT,KT,0.67,0.79,0.27,0.61,0.51,0.65,0.49,0.21,0.38,0.3
241,242,game_3,HLE,KT,HLE,0.67,0.79,0.27,0.61,0.52,0.64,0.49,0.21,0.38,0.3
242,243,game_4,KT,HLE,KT,0.67,0.79,0.27,0.61,0.51,0.64,0.49,0.21,0.38,0.3
243,244,game_1,GEN,KT,KT,0.65,0.79,0.27,0.61,0.51,0.65,0.49,0.21,0.38,0.3
244,245,game_2,GEN,KT,GEN,0.66,0.79,0.27,0.61,0.51,0.64,0.49,0.21,0.38,0.3
245,246,game_3,KT,GEN,GEN,0.67,0.79,0.27,0.61,0.51,0.63,0.49,0.21,0.38,0.3
246,247,game_4,KT,GEN,GEN,0.67,0.79,0.27,0.61,0.51,0.62,0.49,0.21,0.38,0.3
247,248,game_1,T1,GEN,GEN,0.68,0.77,0.27,0.61,0.51,0.62,0.49,0.21,0.38,0.3
248,249,game_2,T1,GEN,GEN,0.68,0.76,0.27,0.61,0.51,0.62,0.49,0.21,0.38,0.3
249,250,game_3,T1,GEN,T1,0.67,0.76,0.27,0.61,0.51,0.62,0.49,0.21,0.38,0.3
250,251,game_4,GEN,T1,GEN,0.68,0.75,0.27,0.61,0.51,0.62,0.49,0.21,0.38,0.3
251,252,game_1,KT,HLE,KT,0.68,0.75,0.27,0.61,0.5,0.62,0.49,0.21,0.38,0.3
252,253,game_2,HLE,KT,HLE,0.68,0.75,0.27,0.61,0.51,0.61,0.49,0.21,0.38,0.3
253,254,game_3,KT,HLE,KT,0.68,0.75,0.27,0.61,0.5,0.62,0.49,0.21,0.38,0.3
254,255,game_1,DK,LSB,DK,0.68,0.75,0.27,0.62,0.5,0.62,0.48,0.21,0.38,0.3
255,256,game_2,LSB,DK,DK,0.68,0.75,0.27,0.63,0.5,0.62,0.47,0.21,0.38,0.3
256,257,game_1,KDF,DRX,KDF,0.68,0.75,0.27,0.63,0.5,0.62,0.47,0.21,0.39,0.3
257,258,game_2,DRX,KDF,KDF,0.68,0.75,0.26,0.63,0.5,0.62,0.47,0.21,0.4,0.3
258,259,game_1,BRION,NS,BRION,0.68,0.75,0.26,0.63,0.5,0.62,0.47,0.21,0.4,0.31
259,260,game_2,NS,BRION,NS,0.68,0.75,0.26,0.63,0.5,0.62,0.47,0.23,0.4,0.3
260,261,game_3,BRION,NS,NS,0.68,0.75,0.26,0.63,0.5,0.62,0.47,0.24,0.4,0.3
261,262,game_1,KT,GEN,KT,0.67,0.75,0.26,0.63,0.5,0.62,0.47,0.24,0.4,0.3
262,263,game_2,GEN,KT,GEN,0.67,0.75,0.26,0.63,0.5,0.62,0.47,0.24,0.4,0.3
263,264,game_3,KT,GEN,GEN,0.68,0.75,0.26,0.63,0.5,0.61,0.47,0.24,0.4,0.3
264,265,game_1,HLE,T1,HLE,0.68,0.74,0.26,0.63,0.51,0.61,0.47,0.24,0.4,0.3
265,266,game_2,T1,HLE,T1,0.68,0.74,0.26,0.63,0.5,0.61,0.47,0.24,0.4,0.3
266,267,game_3,T1,HLE,T1,0.68,0.75,0.26,0.63,0.49,0.61,0.47,0.24,0.4,0.3
267,268,game_1,LSB,NS,LSB,0.68,0.75,0.26,0.63,0.49,0.61,0.48,0.24,0.4,0.3
268,269,game_2,NS,LSB,LSB,0.68,0.75,0.26,0.63,0.49,0.61,0.49,0.23,0.4,0.3
269,270,game_1,KDF,BRION,KDF,0.68,0.75,0.26,0.63,0.49,0.61,0.49,0.23,0.42,0.29
270,271,game_2,BRION,KDF,KDF,0.68,0.75,0.26,0.63,0.49,0.61,0.49,0.23,0.43,0.29
271,272,game_1,DRX,DK,DK,0.68,0.75,0.26,0.64,0.49,0.61,0.49,0.23,0.43,0.29
272,273,game_2,DRX,DK,DRX,0.68,0.75,0.27,0.62,0.49,0.61,0.49,0.23,0.43,0.29
273,274,game_3,DK,DRX,DK,0.68,0.75,0.27,0.63,0.49,0.61,0.49,0.23,0.43,0.29
274,275,game_1,GEN,T1,GEN,0.68,0.73,0.27,0.63,0.49,0.61,0.49,0.23,0.43,0.29
275,276,game_2,T1,GEN,T1,0.67,0.74,0.27,0.63,0.49,0.61,0.49,0.23,0.43,0.29
276,277,game_3,GEN,T1,GEN,0.68,0.73,0.27,0.63,0.49,0.61,0.49,0.23,0.43,0.29
277,278,game_1,HLE,DRX,HLE,0.68,0.73,0.26,0.63,0.5,0.61,0.49,0.23,0.43,0.29
278,279,game_2,DRX,HLE,HLE,0.68,0.73,0.25,0.63,0.51,0.61,0.49,0.23,0.43,0.29
279,280,game_1,GEN,KDF,GEN,0.68,0.73,0.25,0.63,0.51,0.61,0.49,0.23,0.42,0.29
280,281,game_2,KDF,GEN,GEN,0.69,0.73,0.25,0.63,0.51,0.61,0.49,0.23,0.41,0.29
281,282,game_1,T1,LSB,T1,0.69,0.73,0.25,0.63,0.51,0.61,0.48,0.23,0.41,0.29
282,283,game_2,LSB,T1,T1,0.69,0.73,0.25,0.63,0.51,0.61,0.47,0.23,0.41,0.29
283,284,game_1,DK,BRION,DK,0.69,0.73,0.25,0.64,0.51,0.61,0.47,0.23,0.41,0.28
284,285,game_2,BRION,DK,BRION,0.69,0.73,0.25,0.63,0.51,0.61,0.47,0.23,0.41,0.29
285,286,game_3,DK,BRION,BRION,0.69,0.73,0.25,0.62,0.51,0.61,0.47,0.23,0.41,0.31
286,287,game_1,NS,GEN,GEN,0.69,0.73,0.25,0.62,0.51,0.61,0.47,0.23,0.41,0.31
287,288,game_2,NS,GEN,GEN,0.7,0.73,0.25,0.62,0.51,0.61,0.47,0.22,0.41,0.31
288,289,game_1,DRX,KT,KT,0.7,0.73,0.25,0.62,0.51,0.61,0.47,0.22,0.41,0.31
289,290,game_2,DRX,KT,KT,0.7,0.73,0.25,0.62,0.51,0.62,0.47,0.22,0.41,0.31
290,291,game_1,HLE,KDF,HLE,0.7,0.73,0.25,0.62,0.52,0.62,0.47,0.22,0.4,0.31
291,292,game_2,KDF,HLE,HLE,0.7,0.73,0.25,0.62,0.52,0.62,0.47,0.22,0.4,0.31
292,293,game_1,BRION,T1,T1,0.7,0.74,0.25,0.62,0.52,0.62,0.47,0.22,0.4,0.3
293,294,game_2,BRION,T1,T1,0.7,0.74,0.25,0.62,0.52,0.62,0.47,0.22,0.4,0.3
294,295,game_1,LSB,KT,KT,0.7,0.74,0.25,0.62,0.52,0.62,0.47,0.22,0.4,0.3
295,296,game_2,LSB,KT,KT,0.7,0.74,0.25,0.62,0.52,0.63,0.46,0.22,0.4,0.3
296,297,game_1,DK,NS,DK,0.7,0.74,0.25,0.62,0.52,0.63,0.46,0.22,0.4,0.3
297,298,game_2,NS,DK,DK,0.7,0.74,0.25,0.63,0.52,0.63,0.46,0.22,0.4,0.3
298,299,game_1,LSB,BRION,LSB,0.7,0.74,0.25,0.63,0.52,0.63,0.47,0.22,0.4,0.29
299,300,game_2,LSB,BRION,BRION,0.7,0.74,0.25,0.63,0.52,0.63,0.46,0.22,0.4,0.3
300,301,game_3,LSB,BRION,LSB,0.7,0.74,0.25,0.63,0.52,0.63,0.47,0.22,0.4,0.3
301,302,game_1,KDF,T1,T1,0.7,0.75,0.25,0.63,0.52,0.63,0.47,0.22,0.39,0.3
302,303,game_2,KDF,T1,T1,0.7,0.75,0.25,0.63,0.52,0.63,0.47,0.22,0.38,0.3
303,304,game_1,GEN,DRX,GEN,0.7,0.75,0.24,0.63,0.52,0.63,0.47,0.22,0.38,0.3
304,305,game_2,DRX,GEN,GEN,0.7,0.75,0.24,0.63,0.52,0.63,0.47,0.22,0.38,0.3
305,306,game_1,KT,DK,KT,0.7,0.75,0.24,0.62,0.52,0.63,0.47,0.22,0.38,0.3
306,307,game_2,DK,KT,KT,0.7,0.75,0.24,0.61,0.52,0.64,0.47,0.22,0.38,0.3
307,308,game_1,KDF,NS,KDF,0.7,0.75,0.24,0.61,0.52,0.64,0.47,0.21,0.39,0.3
308,309,game_2,NS,KDF,KDF,0.7,0.75,0.24,0.61,0.52,0.64,0.47,0.21,0.4,0.3
309,310,game_1,HLE,LSB,HLE,0.7,0.75,0.24,0.61,0.53,0.64,0.46,0.21,0.4,0.3
310,311,game_2,HLE,LSB,LSB,0.7,0.75,0.24,0.61,0.52,0.64,0.47,0.21,0.4,0.3
311,312,game_3,HLE,LSB,HLE,0.7,0.75,0.24,0.61,0.53,0.64,0.46,0.21,0.4,0.3
312,313,game_1,DK,GEN,GEN,0.71,0.75,0.24,0.6,0.53,0.64,0.46,0.21,0.4,0.3
313,314,game_2,DK,GEN,DK,0.7,0.75,0.24,0.6,0.53,0.64,0.46,0.21,0.4,0.3
314,315,game_3,GEN,DK,GEN,0.7,0.75,0.24,0.59,0.53,0.64,0.46,0.21,0.4,0.3
315,316,game_1,T1,KT,KT,0.7,0.74,0.24,0.59,0.53,0.64,0.46,0.21,0.4,0.3
316,317,game_2,T1,KT,KT,0.7,0.73,0.24,0.59,0.53,0.65,0.46,0.21,0.4,0.3
317,318,game_1,NS,DRX,NS,0.7,0.73,0.23,0.59,0.53,0.65,0.46,0.22,0.4,0.3
318,319,game_2,DRX,NS,DRX,0.7,0.73,0.25,0.59,0.53,0.65,0.46,0.22,0.4,0.3
319,320,game_3,NS,DRX,DRX,0.7,0.73,0.26,0.59,0.53,0.65,0.46,0.21,0.4,0.3
320,321,game_1,BRION,HLE,HLE,0.7,0.73,0.26,0.59,0.54,0.65,0.46,0.21,0.4,0.29
321,322,game_2,BRION,HLE,HLE,0.7,0.73,0.26,0.59,0.54,0.65,0.46,0.21,0.4,0.29
322,323,game_1,HLE,DK,DK,0.7,0.73,0.26,0.6,0.53,0.65,0.46,0.21,0.4,0.29
323,324,game_2,HLE,DK,DK,0.7,0.73,0.26,0.61,0.53,0.65,0.46,0.21,0.4,0.29
324,325,game_1,KT,KDF,KT,0.7,0.73,0.26,0.61,0.53,0.65,0.46,0.21,0.4,0.29
325,326,game_2,KT,KDF,KT,0.7,0.73,0.26,0.61,0.53,0.66,0.46,0.21,0.39,0.29
326,327,game_1,GEN,BRION,GEN,0.71,0.73,0.26,0.61,0.53,0.66,0.46,0.21,0.39,0.28
327,328,game_2,BRION,GEN,GEN,0.71,0.73,0.26,0.61,0.53,0.66,0.46,0.21,0.39,0.28
328,329,game_1,DRX,LSB,LSB,0.71,0.73,0.25,0.61,0.53,0.66,0.47,0.21,0.39,0.28
329,330,game_2,DRX,LSB,DRX,0.71,0.73,0.27,0.61,0.53,0.66,0.46,0.21,0.39,0.28
330,331,game_3,LSB,DRX,DRX,0.71,0.73,0.28,0.61,0.53,0.66,0.46,0.21,0.39,0.28
331,332,game_1,KT,NS,KT,0.71,0.73,0.28,0.61,0.53,0.66,0.46,0.21,0.39,0.28
332,333,game_2,NS,KT,KT,0.71,0.73,0.28,0.61,0.53,0.67,0.46,0.21,0.39,0.28
333,334,game_1,T1,DK,T1,0.71,0.73,0.28,0.6,0.53,0.67,0.46,0.21,0.39,0.28
334,335,game_2,DK,T1,T1,0.71,0.74,0.28,0.59,0.53,0.67,0.46,0.21,0.39,0.28
335,336,game_1,BRION,DRX,BRION,0.71,0.74,0.27,0.59,0.53,0.67,0.46,0.21,0.39,0.29
336,337,game_2,DRX,BRION,DRX,0.71,0.74,0.29,0.59,0.53,0.67,0.46,0.21,0.39,0.29
337,338,game_3,BRION,DRX,BRION,0.71,0.74,0.28,0.59,0.53,0.67,0.46,0.21,0.39,0.3
338,339,game_1,KDF,LSB,KDF,0.71,0.74,0.28,0.59,0.53,0.67,0.45,0.21,0.4,0.3
339,340,game_2,LSB,KDF,KDF,0.71,0.74,0.28,0.59,0.53,0.67,0.44,0.21,0.41,0.3
340,341,game_1,GEN,HLE,GEN,0.71,0.74,0.28,0.59,0.52,0.67,0.44,0.21,0.41,0.3
341,342,game_2,HLE,GEN,GEN,0.72,0.74,0.28,0.59,0.51,0.67,0.44,0.21,0.41,0.3
342,343,game_1,T1,NS,NS,0.72,0.73,0.28,0.59,0.51,0.67,0.44,0.22,0.41,0.3
343,344,game_2,T1,NS,T1,0.72,0.73,0.28,0.59,0.51,0.67,0.44,0.22,0.41,0.3
344,345,game_3,NS,T1,T1,0.72,0.73,0.28,0.59,0.51,0.67,0.44,0.21,0.41,0.3
345,346,game_1,DK,KDF,DK,0.72,0.73,0.28,0.59,0.51,0.67,0.44,0.21,0.4,0.3
346,347,game_2,DK,KDF,DK,0.72,0.73,0.28,0.6,0.51,0.67,0.44,0.21,0.4,0.3
347,348,game_1,DRX,T1,DRX,0.72,0.72,0.29,0.6,0.51,0.67,0.44,0.21,0.4,0.3
348,349,game_2,T1,DRX,DRX,0.72,0.71,0.3,0.6,0.51,0.67,0.44,0.21,0.4,0.3
349,350,game_1,NS,HLE,HLE,0.72,0.71,0.3,0.6,0.52,0.67,0.44,0.21,0.4,0.3
350,351,game_2,NS,HLE,HLE,0.72,0.71,0.3,0.6,0.53,0.67,0.44,0.21,0.4,0.3
351,352,game_1,LSB,GEN,GEN,0.72,0.71,0.3,0.6,0.53,0.67,0.44,0.21,0.4,0.3
352,353,game_2,LSB,GEN,GEN,0.72,0.71,0.3,0.6,0.53,0.67,0.43,0.21,0.4,0.3
353,354,game_1,BRION,KT,KT,0.72,0.71,0.3,0.6,0.53,0.67,0.43,0.21,0.4,0.29
354,355,game_2,BRION,KT,KT,0.72,0.71,0.3,0.6,0.53,0.68,0.43,0.21,0.4,0.29
355,356,game_1,DK,DRX,DK,0.72,0.71,0.3,0.61,0.53,0.68,0.43,0.21,0.4,0.29
356,357,game_2,DRX,DK,DK,0.72,0.71,0.29,0.61,0.53,0.68,0.43,0.21,0.4,0.29
357,358,game_1,T1,GEN,GEN,0.73,0.71,0.29,0.61,0.53,0.68,0.43,0.21,0.4,0.29
358,359,game_2,GEN,T1,GEN,0.73,0.7,0.29,0.61,0.53,0.68,0.43,0.21,0.4,0.29
359,360,game_1,NS,LSB,NS,0.73,0.7,0.29,0.61,0.53,0.68,0.42,0.22,0.4,0.29
360,361,game_2,LSB,NS,NS,0.73,0.7,0.29,0.61,0.53,0.68,0.42,0.23,0.4,0.29
361,362,game_1,KT,BRION,KT,0.73,0.7,0.29,0.61,0.53,0.68,0.42,0.23,0.4,0.28
362,363,game_2,BRION,KT,KT,0.73,0.7,0.29,0.61,0.53,0.68,0.42,0.23,0.4,0.28
363,364,game_1,KDF,HLE,HLE,0.73,0.7,0.29,0.61,0.53,0.68,0.42,0.23,0.39,0.28
364,365,game_2,KDF,HLE,HLE,0.73,0.7,0.29,0.61,0.54,0.68,0.42,0.23,0.38,0.28
365,366,game_1,LSB,DK,DK,0.73,0.7,0.29,0.62,0.54,0.68,0.41,0.23,0.38,0.28
366,367,game_2,DK,LSB,DK,0.73,0.7,0.29,0.62,0.54,0.68,0.41,0.23,0.38,0.28
367,368,game_1,GEN,NS,GEN,0.73,0.7,0.29,0.62,0.54,0.68,0.41,0.23,0.38,0.28
368,369,game_2,NS,GEN,GEN,0.74,0.7,0.29,0.62,0.54,0.68,0.41,0.22,0.38,0.28
369,370,game_1,HLE,KT,KT,0.74,0.7,0.29,0.62,0.53,0.69,0.41,0.22,0.38,0.28
370,371,game_2,HLE,KT,HLE,0.74,0.7,0.29,0.62,0.54,0.68,0.41,0.22,0.38,0.28
371,372,game_3,KT,HLE,KT,0.74,0.7,0.29,0.62,0.53,0.68,0.41,0.22,0.38,0.28
372,373,game_1,BRION,KDF,BRION,0.74,0.7,0.29,0.62,0.53,0.68,0.41,0.22,0.38,0.29
373,374,game_2,KDF,BRION,KDF,0.74,0.7,0.29,0.62,0.53,0.68,0.41,0.22,0.39,0.29
374,375,game_3,BRION,KDF,BRION,0.74,0.7,0.29,0.62,0.53,0.68,0.41,0.22,0.38,0.3
375,376,game_1,T1,NS,T1,0.74,0.7,0.29,0.62,0.53,0.68,0.41,0.22,0.38,0.3
376,377,game_2,T1,NS,T1,0.74,0.7,0.29,0.62,0.53,0.68,0.41,0.22,0.38,0.3
377,378,game_1,DRX,GEN,GEN,0.74,0.7,0.29,0.62,0.53,0.68,0.41,0.22,0.38,0.3
378,379,game_2,DRX,GEN,GEN,0.74,0.7,0.29,0.62,0.53,0.68,0.41,0.22,0.38,0.3
379,380,game_1,KDF,LSB,LSB,0.74,0.7,0.29,0.62,0.53,0.68,0.42,0.22,0.38,0.3
380,381,game_2,KDF,LSB,LSB,0.74,0.7,0.29,0.62,0.53,0.68,0.42,0.22,0.37,0.3
381,382,game_1,HLE,BRION,BRION,0.74,0.7,0.29,0.62,0.52,0.68,0.42,0.22,0.37,0.31
382,383,game_2,HLE,BRION,HLE,0.74,0.7,0.29,0.62,0.53,0.68,0.42,0.22,0.37,0.3
383,384,game_3,BRION,HLE,HLE,0.74,0.7,0.29,0.62,0.53,0.68,0.42,0.22,0.37,0.3
384,385,game_1,DK,T1,DK,0.74,0.7,0.29,0.63,0.53,0.68,0.42,0.22,0.37,0.3
385,386,game_2,T1,DK,DK,0.74,0.69,0.29,0.63,0.53,0.68,0.42,0.22,0.37,0.3
386,387,game_1,KT,DRX,KT,0.74,0.69,0.28,0.63,0.53,0.69,0.42,0.22,0.37,0.3
387,388,game_2,DRX,KT,DRX,0.74,0.69,0.29,0.63,0.53,0.68,0.42,0.22,0.37,0.3
388,389,game_3,KT,DRX,KT,0.74,0.69,0.29,0.63,0.53,0.68,0.42,0.22,0.37,0.3
389,390,game_1,DK,KT,KT,0.74,0.69,0.29,0.62,0.53,0.69,0.42,0.22,0.37,0.3
390,391,game_2,DK,KT,KT,0.74,0.69,0.29,0.62,0.53,0.69,0.42,0.22,0.37,0.3
391,392,game_1,LSB,HLE,HLE,0.74,0.69,0.29,0.62,0.54,0.69,0.42,0.22,0.37,0.3
392,393,game_2,LSB,HLE,HLE,0.74,0.69,0.29,0.62,0.55,0.69,0.41,0.22,0.37,0.3
393,394,game_1,KDF,GEN,GEN,0.75,0.69,0.29,0.62,0.55,0.69,0.41,0.22,0.37,0.3
394,395,game_2,GEN,KDF,GEN,0.75,0.69,0.29,0.62,0.55,0.69,0.41,0.22,0.36,0.3
395,396,game_1,DRX,NS,NS,0.75,0.69,0.28,0.62,0.55,0.69,0.41,0.23,0.36,0.3
396,397,game_2,DRX,NS,DRX,0.75,0.69,0.29,0.62,0.55,0.69,0.41,0.23,0.36,0.3
397,398,game_3,NS,DRX,NS,0.75,0.69,0.29,0.62,0.55,0.69,0.41,0.24,0.36,0.3
398,399,game_1,BRION,DK,BRION,0.75,0.69,0.29,0.61,0.55,0.69,0.41,0.24,0.36,0.31
399,400,game_2,DK,BRION,DK,0.75,0.69,0.29,0.61,0.55,0.69,0.41,0.24,0.36,0.3
400,401,game_3,BRION,DK,DK,0.75,0.69,0.29,0.62,0.55,0.69,0.41,0.24,0.36,0.3
401,402,game_1,HLE,T1,HLE,0.75,0.68,0.29,0.62,0.55,0.69,0.41,0.24,0.36,0.3
402,403,game_2,T1,HLE,HLE,0.75,0.67,0.29,0.62,0.56,0.69,0.41,0.24,0.36,0.3
403,404,game_1,GEN,KT,KT,0.74,0.67,0.29,0.62,0.56,0.69,0.41,0.24,0.36,0.3
404,405,game_2,GEN,KT,KT,0.73,0.67,0.29,0.62,0.56,0.7,0.41,0.24,0.36,0.3
405,406,game_1,NS,KDF,NS,0.73,0.67,0.29,0.62,0.56,0.7,0.41,0.25,0.36,0.3
406,407,game_2,KDF,NS,KDF,0.73,0.67,0.29,0.62,0.56,0.7,0.41,0.24,0.36,0.3
407,408,game_3,NS,KDF,NS,0.73,0.67,0.29,0.62,0.56,0.7,0.41,0.25,0.36,0.3
408,409,game_1,T1,BRION,BRION,0.73,0.66,0.29,0.62,0.56,0.7,0.41,0.25,0.36,0.31
409,410,game_2,T1,BRION,T1,0.73,0.67,0.29,0.62,0.56,0.7,0.41,0.25,0.36,0.3
410,411,game_3,BRION,T1,BRION,0.73,0.66,0.29,0.62,0.56,0.7,0.41,0.25,0.36,0.31
411,412,game_1,LSB,DRX,LSB,0.73,0.66,0.29,0.62,0.56,0.7,0.42,0.25,0.36,0.31
412,413,game_2,DRX,LSB,LSB,0.73,0.66,0.28,0.62,0.56,0.7,0.43,0.25,0.36,0.31
413,414,game_1,GEN,LSB,GEN,0.74,0.66,0.28,0.62,0.56,0.7,0.42,0.25,0.36,0.31
414,415,game_2,LSB,GEN,GEN,0.74,0.66,0.28,0.62,0.56,0.7,0.42,0.25,0.36,0.31
415,416,game_1,KDF,KT,KT,0.74,0.66,0.28,0.62,0.56,0.7,0.42,0.25,0.36,0.31
416,417,game_2,KDF,KT,KT,0.74,0.66,0.28,0.62,0.56,0.7,0.42,0.25,0.35,0.31
417,418,game_1,T1,DRX,T1,0.74,0.66,0.28,0.62,0.56,0.7,0.42,0.25,0.35,0.31
418,419,game_2,T1,DRX,DRX,0.74,0.66,0.29,0.62,0.56,0.7,0.42,0.25,0.35,0.31
419,420,game_3,T1,DRX,DRX,0.74,0.65,0.3,0.62,0.56,0.7,0.42,0.25,0.35,0.31
420,421,game_1,HLE,NS,HLE,0.74,0.65,0.3,0.62,0.56,0.7,0.42,0.25,0.35,0.31
421,422,game_2,NS,HLE,HLE,0.74,0.65,0.3,0.62,0.57,0.7,0.42,0.25,0.35,0.31
422,423,game_1,DK,KDF,DK,0.74,0.65,0.3,0.62,0.57,0.7,0.42,0.25,0.35,0.31
423,424,game_2,DK,KDF,DK,0.74,0.65,0.3,0.63,0.57,0.7,0.42,0.25,0.34,0.31
424,425,game_1,BRION,LSB,LSB,0.74,0.65,0.3,0.63,0.57,0.7,0.42,0.25,0.34,0.31
425,426,game_2,BRION,LSB,LSB,0.74,0.65,0.3,0.63,0.57,0.7,0.43,0.25,0.34,0.3
426,427,game_1,KT,T1,KT,0.74,0.64,0.3,0.63,0.57,0.71,0.43,0.25,0.34,0.3
427,428,game_2,T1,KT,KT,0.74,0.63,0.3,0.63,0.57,0.71,0.43,0.25,0.34,0.3
428,429,game_1,DRX,HLE,HLE,0.74,0.63,0.29,0.63,0.57,0.71,0.43,0.25,0.34,0.3
429,430,game_2,DRX,HLE,HLE,0.74,0.63,0.29,0.63,0.57,0.71,0.43,0.25,0.34,0.3
430,431,game_1,NS,BRION,BRION,0.74,0.63,0.29,0.63,0.57,0.71,0.43,0.24,0.34,0.31
431,432,game_2,NS,BRION,NS,0.74,0.63,0.29,0.63,0.57,0.71,0.43,0.25,0.34,0.31
432,433,game_3,BRION,NS,NS,0.74,0.63,0.29,0.63,0.57,0.71,0.43,0.26,0.34,0.31
433,434,game_1,GEN,DK,GEN,0.74,0.63,0.29,0.62,0.57,0.71,0.43,0.26,0.34,0.31
434,435,game_2,DK,GEN,GEN,0.74,0.63,0.29,0.61,0.57,0.71,0.43,0.26,0.34,0.31
435,436,game_1,T1,KDF,T1,0.74,0.64,0.29,0.61,0.57,0.71,0.43,0.26,0.34,0.31
436,437,game_2,T1,KDF,T1,0.74,0.64,0.29,0.61,0.57,0.71,0.43,0.26,0.33,0.31
437,438,game_1,NS,DK,DK,0.74,0.64,0.29,0.62,0.57,0.71,0.43,0.26,0.33,0.31
438,439,game_2,DK,NS,DK,0.74,0.64,0.29,0.62,0.57,0.71,0.43,0.26,0.33,0.31
439,440,game_1,DRX,BRION,DRX,0.74,0.64,0.3,0.62,0.57,0.71,0.43,0.26,0.33,0.3
440,441,game_2,BRION,DRX,DRX,0.74,0.64,0.31,0.62,0.57,0.71,0.43,0.26,0.33,0.3
441,442,game_1,HLE,GEN,GEN,0.75,0.64,0.31,0.62,0.57,0.71,0.43,0.26,0.33,0.3
442,443,game_2,HLE,GEN,GEN,0.75,0.64,0.31,0.62,0.56,0.71,0.43,0.26,0.33,0.3
443,444,game_1,T1,LSB,T1,0.75,0.65,0.31,0.62,0.56,0.71,0.43,0.26,0.33,0.3
444,445,game_2,LSB,T1,T1,0.75,0.65,0.31,0.62,0.56,0.71,0.42,0.26,0.33,0.3
445,446,game_3,T1,LSB,T1,0.75,0.65,0.31,0.62,0.56,0.71,0.42,0.26,0.33,0.3
446,447,game_1,NS,KT,NS,0.75,0.65,0.31,0.62,0.56,0.7,0.42,0.27,0.33,0.3
447,448,game_2,KT,NS,KT,0.75,0.65,0.31,0.62,0.56,0.7,0.42,0.26,0.33,0.3
448,449,game_3,NS,KT,KT,0.75,0.65,0.31,0.62,0.56,0.71,0.42,0.26,0.33,0.3
449,450,game_1,DK,HLE,HLE,0.75,0.65,0.31,0.61,0.57,0.71,0.42,0.26,0.33,0.3
450,451,game_2,DK,HLE,HLE,0.75,0.65,0.31,0.61,0.57,0.71,0.42,0.26,0.33,0.3
451,452,game_1,BRION,GEN,BRION,0.74,0.65,0.31,0.61,0.57,0.71,0.42,0.26,0.33,0.31
452,453,game_2,GEN,BRION,BRION,0.73,0.65,0.31,0.61,0.57,0.71,0.42,0.26,0.33,0.31
453,454,game_1,DRX,KDF,DRX,0.73,0.65,0.31,0.61,0.57,0.71,0.42,0.26,0.33,0.31
454,455,game_2,KDF,DRX,DRX,0.73,0.65,0.32,0.61,0.57,0.71,0.42,0.26,0.33,0.31
455,456,game_1,KT,LSB,KT,0.73,0.65,0.32,0.61,0.57,0.71,0.41,0.26,0.33,0.31
456,457,game_2,LSB,KT,KT,0.73,0.65,0.32,0.61,0.57,0.71,0.41,0.26,0.33,0.31
457,458,game_1,HLE,DRX,HLE,0.73,0.65,0.32,0.61,0.58,0.71,0.41,0.26,0.33,0.31
458,459,game_2,DRX,HLE,HLE,0.73,0.65,0.31,0.61,0.58,0.71,0.41,0.26,0.33,0.31
459,460,game_3,DRX,HLE,HLE,0.73,0.65,0.31,0.61,0.58,0.71,0.41,0.26,0.33,0.31
460,461,game_1,DK,T1,T1,0.73,0.66,0.31,0.6,0.58,0.71,0.41,0.26,0.33,0.31
461,462,game_2,DK,T1,DK,0.73,0.65,0.31,0.6,0.58,0.71,0.41,0.26,0.33,0.31
462,463,game_3,T1,DK,T1,0.73,0.65,0.31,0.6,0.58,0.71,0.41,0.26,0.33,0.31
463,464,game_4,DK,T1,T1,0.73,0.66,0.31,0.59,0.58,0.71,0.41,0.26,0.33,0.31
464,465,game_1,KT,T1,KT,0.73,0.65,0.31,0.59,0.58,0.72,0.41,0.26,0.33,0.31
465,466,game_2,T1,KT,T1,0.73,0.65,0.31,0.59,0.58,0.71,0.41,0.26,0.33,0.31
466,467,game_3,KT,T1,T1,0.73,0.66,0.31,0.59,0.58,0.7,0.41,0.26,0.33,0.31
467,468,game_4,KT,T1,KT,0.73,0.65,0.31,0.59,0.58,0.7,0.41,0.26,0.33,0.31
468,469,game_5,T1,KT,T1,0.73,0.65,0.31,0.59,0.58,0.7,0.41,0.26,0.33,0.31
469,470,game_1,GEN,HLE,GEN,0.74,0.65,0.31,0.59,0.58,0.7,0.41,0.26,0.33,0.31
470,471,game_2,GEN,HLE,GEN,0.74,0.65,0.31,0.59,0.57,0.7,0.41,0.26,0.33,0.31
471,472,game_3,HLE,GEN,GEN,0.74,0.65,0.31,0.59,0.57,0.7,0.41,0.26,0.33,0.31
472,473,game_1,GEN,T1,GEN,0.75,0.65,0.31,0.59,0.57,0.7,0.41,0.26,0.33,0.31
473,474,game_2,T1,GEN,T1,0.74,0.65,0.31,0.59,0.57,0.7,0.41,0.26,0.33,0.31
474,475,game_3,GEN,T1,T1,0.73,0.65,0.31,0.59,0.57,0.7,0.41,0.26,0.33,0.31
475,476,game_4,GEN,T1,GEN,0.73,0.65,0.31,0.59,0.57,0.7,0.41,0.26,0.33,0.31
476,477,game_5,T1,GEN,GEN,0.74,0.64,0.31,0.59,0.57,0.7,0.41,0.26,0.33,0.31
477,478,game_1,KT,HLE,KT,0.74,0.64,0.31,0.59,0.56,0.7,0.41,0.26,0.33,0.31
478,479,game_2,HLE,KT,KT,0.74,0.64,0.31,0.59,0.56,0.7,0.41,0.26,0.33,0.31
479,480,game_3,HLE,KT,KT,0.74,0.64,0.31,0.59,0.55,0.71,0.41,0.26,0.33,0.31
480,481,game_1,T1,KT,T1,0.74,0.65,0.31,0.59,0.55,0.7,0.41,0.26,0.33,0.31
481,482,game_2,KT,T1,T1,0.74,0.65,0.31,0.59,0.55,0.69,0.41,0.26,0.33,0.31
482,483,game_3,KT,T1,KT,0.74,0.64,0.31,0.59,0.55,0.7,0.41,0.26,0.33,0.31
483,484,game_4,T1,KT,KT,0.74,0.64,0.31,0.59,0.55,0.7,0.41,0.26,0.33,0.31
484,485,game_5,T1,KT,T1,0.74,0.64,0.31,0.59,0.55,0.69,0.41,0.26,0.33,0.31
485,486,game_1,GEN,T1,GEN,0.74,0.64,0.31,0.59,0.55,0.69,0.41,0.26,0.33,0.31
486,487,game_2,T1,GEN,GEN,0.74,0.63,0.31,0.59,0.55,0.69,0.41,0.26,0.33,0.31
487,488,game_3,GEN,T1,GEN,0.74,0.62,0.31,0.59,0.55,0.69,0.41,0.26,0.33,0.31
