,gameid,result,blue_wr,red_wr,region_top_wr,region_jg_wr,region_mid_wr,region_adc_wr,region_sup_wr,player_top_wr,player_jg_wr,player_mid_wr,player_adc_wr,player_sup_wr,patch_top_wr,patch_jg_wr,patch_mid_wr,patch_adc_wr,patch_sup_wr
0,ESPORTSTMNT04_2659018,1,0,0,0.0,0.0,0.0,0.0,0.0,0.0,0.0,0.0,0.0,0.0,-0.413,-0.113,-0.295,-0.149,-0.238
1,ESPORTSTMNT04_2661035,1,0,0,1.0,0.5,0.0,0.5,-0.5,1.0,0.5,0.0,0.5,0.0,-0.278,0.406,0.005,0.0,0.233
2,ESPORTSTMNT04_2660040,1,1.8974,-0.4743,0.5,-0.5,0.5,1.0,1.0,0.0,0.0,0.0,0.0,0.0,0.089,-0.167,-0.048,-0.088,0.065
3,ESPORTSTMNT04_2661049,1,1.8974,-0.4743,0.0,-0.5,0.0,1.0,1.0,0.0,0.0,0.0,1.0,1.0,0.019,-0.2,0.156,-0.022,0.121
4,ESPORTSTMNT04_2665017,0,-0.6211,1.4491,-0.5,0.5,-0.5,0.0,0.0,0.0,0.0,0.0,0.0,0.0,-0.119,0.024,0.233,-0.192,0.212
5,ESPORTSTMNT04_2664031,0,-0.6211,1.4491,0.0,-0.333,-0.5,0.0,-0.5,-0.5,-1.0,0.0,0.0,0.0,0.017,-0.008,0.194,0.122,0.028
6,ESPORTSTMNT04_2663029,0,-0.7746,1.1619,0.0,0.0,0.0,-1.0,-1.0,0.0,0.0,0.0,0.0,0.0,-0.03,-0.127,-0.389,-0.065,-0.211
7,ESPORTSTMNT04_2665040,1,1.1619,-0.7746,-0.5,-0.5,1.0,1.0,1.0,0.0,0.0,0.0,1.0,1.0,0.071,-0.058,0.093,0.086,0.233
8,ESPORTSTMNT04_2665115,0,0.5041,1.0443,1.0,-0.667,-0.5,1.0,0.5,0.5,0.5,0.0,0.0,0.0,0.173,0.205,0.127,0.106,0.259
9,ESPORTSTMNT04_2664115,1,0.7713,0.2895,-0.833,-0.75,0.5,-0.5,-0.667,0.0,-0.5,0.0,-0.5,-0.5,-0.149,0.189,0.538,-0.131,-0.092
10,ESPORTSTMNT04_2663131,1,0.886,-0.0445,0.0,-0.333,-0.5,0.357,0.0,0.0,0.0,0.0,-0.5,0.0,0.102,0.223,0.014,0.197,-0.027
11,ESPORTSTMNT04_2664117,1,1.1958,-0.8858,0.333,0.2,1.0,0.732,0.69,0.0,0.0,0.0,0.5,0.5,0.125,0.09,0.229,0.203,0.311
12,ESPORTSTMNT04_2665143,1,1.1958,-0.8858,0.048,0.333,-0.5,0.764,0.732,0.5,1.0,0.0,1.0,1.0,-0.065,0.105,0.15,0.216,0.325
13,ESPORTSTMNT04_2664153,1,-0.1459,-1.016,0.25,0.429,1.0,0.333,-0.5,0.0,0.0,0.5,0.0,0.0,-0.065,0.095,-0.04,-0.175,-0.048
14,ESPORTSTMNT04_2663182,0,-1.0517,0.1925,0.25,0.0,0.5,0.789,0.389,0.5,0.0,0.0,0.5,0.0,0.064,0.215,0.073,0.202,0.02
15,ESPORTSTMNT04_2664171,0,-1.0517,1.136,-0.417,-0.35,-0.333,-0.618,-0.2,0.0,-1.0,0.0,-0.5,-0.5,-0.145,-0.071,-0.054,-0.185,-0.003
16,ESPORTSTMNT04_2663193,1,-0.4622,0.7572,-0.378,-0.444,-1.0,-0.652,-0.318,-0.5,-1.0,-1.0,-1.0,-1.0,-0.167,-0.088,-0.047,-0.196,-0.02
17,ESPORTSTMNT04_2665186,1,0.8494,-0.5884,0.1,-0.1,0.417,0.519,0.625,0.5,0.0,0.5,0.25,0.25,0.011,-0.367,0.078,0.18,0.308
18,ESPORTSTMNT04_2664180,0,0.6376,-0.3023,-0.25,-0.071,0.133,-0.286,-0.25,0.5,0.0,0.0,0.0,0.0,-0.031,0.144,0.189,-0.206,0.088
19,ESPORTSTMNT04_2665208,1,0.827,-0.5436,0.171,-0.125,-0.25,-0.3,0.111,0.5,0.0,0.0,-0.5,0.0,-0.197,-0.012,0.094,-0.174,-0.272
20,ESPORTSTMNT04_2664200,0,0.4679,-0.1047,0.197,-0.238,0.067,0.6,-0.4,0.0,-1.0,-0.5,0.5,-1.0,0.083,0.12,0.039,0.067,0.049
21,ESPORTSTMNT04_2665209,0,-0.7431,-0.4474,-0.125,-0.325,0.083,0.519,0.198,0.0,0.0,0.5,0.0,-0.5,0.038,0.105,-0.044,0.236,0.105
22,ESPORTSTMNT04_2663232,1,-0.245,-0.7735,-0.467,-0.394,-0.5,-0.373,-0.425,0.0,-1.0,0.0,0.0,0.0,-0.062,0.092,-0.133,-0.067,-0.246
23,ESPORTSTMNT04_2664219,1,0.0701,-0.9581,0.381,0.167,0.067,0.0,0.5,0.0,0.0,-0.5,0.0,0.0,0.198,0.198,0.087,0.026,-0.026
24,ESPORTSTMNT03_3089368,0,-1.0547,1.456,-0.25,-0.192,0.5,-0.381,-0.159,-0.5,-1.0,-0.5,-0.667,-0.5,-0.021,0.002,-0.068,-0.143,-0.097
25,ESPORTSTMNT03_3090319,1,1.4491,-1.122,-0.267,-0.048,0.143,0.418,0.233,0.0,0.5,0.0,0.75,0.667,0.145,-0.03,-0.027,0.149,0.106
26,ESPORTSTMNT03_3090322,1,0.0804,-0.1457,0.121,0.067,-0.071,-0.071,0.0,1.0,0.167,0.0,0.0,0.0,0.041,0.146,-0.043,0.014,-0.061
27,ESPORTSTMNT03_3091336,1,0.0804,-0.1457,-0.214,-0.033,-0.1,-0.667,0.0,0.5,0.5,0.0,-1.0,-0.5,0.123,0.021,0.471,-0.083,0.045
28,ESPORTSTMNT03_3090339,1,0.0753,-0.1008,0.033,0.182,-0.429,0.45,0.477,-0.167,0.0,-0.5,-0.167,-0.5,-0.159,-0.149,0.032,0.155,0.282
29,ESPORTSTMNT03_3089607,1,0.3957,0.5942,0.0,0.021,0.194,-0.5,-0.444,0.0,-1.0,0.0,0.0,0.0,0.006,0.026,0.037,0.152,-0.094
30,ESPORTSTMNT03_3090562,0,0.318,0.6054,0.192,0.117,0.0,0.111,0.257,0.0,-0.333,0.167,-1.0,-1.0,0.075,0.176,0.45,-0.165,0.078
31,ESPORTSTMNT03_3090563,1,1.0499,-1.0379,0.056,0.456,0.3,-0.265,-0.098,0.5,0.25,0.0,0.0,0.5,-0.008,0.073,0.2,-0.067,-0.089
32,ESPORTSTMNT03_3090572,0,-1.1033,1.0943,0.278,0.359,0.045,-0.314,-0.212,0.0,-0.5,-0.5,-0.667,0.0,-0.021,0.063,0.032,-0.101,-0.061
33,ESPORTSTMNT03_3090837,1,-1.0765,-1.3767,-0.167,-0.217,0.071,-0.449,-0.306,0.5,-0.5,0.5,-0.5,-0.5,-0.087,-0.011,-0.037,-0.152,-0.137
34,ESPORTSTMNT03_3089931,0,-1.2782,-1.0518,0.074,-0.051,-0.403,-0.38,-0.223,0.167,0.333,-0.5,0.333,0.5,0.078,0.015,-0.018,-0.146,-0.128
35,ESPORTSTMNT03_3090868,1,-0.7775,-1.4207,0.255,0.069,-0.262,0.208,0.179,0.5,0.0,0.0,-0.25,0.25,-0.111,0.002,-0.033,0.097,0.078
36,ESPORTSTMNT03_3091907,0,-0.0043,-0.0043,0.643,0.2,-0.25,0.136,-0.114,0.5,0.0,-0.5,0.0,-1.0,0.057,-0.053,-0.453,-0.001,-0.005
37,ESPORTSTMNT03_3090903,0,-0.2577,0.1693,-0.211,-0.381,0.429,0.167,0.5,0.5,-0.5,0.0,0.0,0.0,0.116,-0.085,0.23,0.077,0.17
38,ESPORTSTMNT03_3093250,0,0.9295,1.6994,-0.1,0.297,0.6,0.42,0.233,-0.5,0.0,0.5,0.5,0.0,0.087,-0.089,0.038,0.158,0.133
39,ESPORTSTMNT03_3093271,1,1.1083,1.4323,-0.332,0.081,0.188,0.359,0.167,0.0,-0.333,0.167,-0.333,-0.333,0.088,0.022,0.014,0.152,0.125
40,ESPORTSTMNT03_3094238,0,1.175,1.2541,-0.167,0.167,0.1,-0.204,-0.269,-0.5,-0.5,0.0,0.0,0.0,-0.073,0.107,0.074,-0.221,-0.326
41,ESPORTSTMNT03_3092329,1,0.6026,-0.1251,-0.236,-0.14,-0.167,0.015,-0.75,-0.5,0.0,0.5,0.0,-0.5,0.094,-0.092,0.069,-0.002,0.033
42,ESPORTSTMNT03_3092334,0,0.3399,0.112,0.22,0.365,-0.255,0.043,-0.222,1.0,0.5,0.0,0.5,0.5,-0.046,0.118,-0.026,-0.043,0.068
43,ESPORTSTMNT03_3094264,0,0.1168,0.3037,-0.155,-0.164,0.167,-0.067,-0.3,0.1,0.167,0.0,-0.5,-0.5,0.105,-0.101,-0.079,-0.056,0.021
44,ESPORTSTMNT03_3093537,0,-0.4052,0.9413,0.034,-0.207,-0.357,0.062,0.351,0.0,-1.0,0.0,-0.5,-0.5,0.102,-0.116,-0.065,0.06,0.107
45,ESPORTSTMNT03_3093557,0,0.6386,-0.1107,-0.192,0.105,0.361,0.396,0.468,0.0,0.0,0.0,0.0,-0.5,0.119,-0.133,0.03,0.139,0.204
46,ESPORTSTMNT03_3094541,1,0.7901,-0.2971,-0.037,0.154,0.079,0.123,0.027,-0.5,0.667,-0.5,-0.333,0.0,0.093,-0.106,0.032,0.066,0.008
47,ESPORTSTMNT03_3092604,0,-1.7215,-1.0821,-0.1,0.196,-0.208,0.0,-0.183,-0.5,0.0,-0.167,-0.5,0.0,0.006,-0.101,0.001,-0.002,-0.121
48,ESPORTSTMNT03_3093593,0,-1.876,-0.7288,-0.077,-0.142,-0.616,0.082,-0.282,-1.0,-0.3,0.25,0.0,-1.0,0.075,0.105,-0.052,0.054,-0.131
49,ESPORTSTMNT03_3097664,1,0.4153,-1.0127,0.0,0.25,0.45,-0.1,0.06,0.333,1.0,0.5,0.167,0.167,-0.042,0.085,0.153,0.006,0.061
50,ESPORTSTMNT03_3096700,0,-1.1042,0.5377,-0.071,0.192,-0.35,-0.214,-0.167,-0.5,0.167,-1.0,-0.5,-0.5,0.035,-0.126,-0.029,-0.072,-0.205
51,ESPORTSTMNT03_3095781,1,0.9138,0.9138,-0.019,0.144,-0.136,-0.261,-0.204,1.0,0.083,0.5,-0.667,-0.667,0.086,-0.131,-0.055,-0.022,-0.079
52,ESPORTSTMNT03_3096742,1,1.0478,0.6771,-0.024,0.129,0.231,-0.167,-0.132,-0.25,0.0,-0.5,0.0,-0.167,-0.09,0.031,-0.033,-0.016,-0.073
53,ESPORTSTMNT03_3098196,0,-0.848,0.2785,-0.133,0.02,0.086,0.312,0.314,-1.0,0.0,0.0,-0.5,-0.5,0.022,0.049,0.047,0.103,0.158
54,ESPORTSTMNT03_3099119,0,0.0714,-0.5697,-0.167,0.067,-0.317,-0.095,-0.149,0.5,0.6,0.167,-0.5,-0.5,-0.021,-0.04,-0.035,-0.029,-0.073
55,ESPORTSTMNT03_3098225,0,-0.7118,0.2388,0.094,-0.275,0.171,0.17,0.0,0.5,0.333,0.0,-0.333,-0.5,0.095,-0.143,0.041,0.048,-0.57
56,ESPORTSTMNT03_3098229,0,-0.5437,1.3638,0.008,0.28,0.167,0.022,0.125,-0.333,0.0,-0.5,-0.25,0.0,-0.085,0.1,0.06,0.12,0.011
57,ESPORTSTMNT03_3100173,0,1.1628,-0.311,0.5,-0.021,0.015,0.36,0.219,0.5,0.25,-0.5,0.0,0.25,0.033,0.159,-0.005,0.057,0.074
58,ESPORTSTMNT03_3098275,1,-0.0984,0.9611,-0.113,0.067,0.238,0.0,0.5,-0.5,0.0,-0.5,0.0,-0.5,0.041,0.042,-0.071,0.585,0.062
59,ESPORTSTMNT03_3098573,0,0.0655,-1.6576,-0.127,-0.203,0.173,0.051,0.061,0.0,0.667,0.133,0.25,0.0,0.036,-0.087,0.0,0.007,0.083
60,ESPORTSTMNT03_3099542,1,-1.3375,-0.1793,-0.294,0.212,-0.125,0.1,0.239,-0.333,-0.5,0.0,0.0,-1.0,0.086,-0.131,-0.149,0.027,0.083
61,ESPORTSTMNT03_3098646,0,1.0079,0.8787,-0.162,0.241,-0.15,-0.076,0.062,0.0,0.5,-0.5,0.25,0.5,-0.04,0.094,-0.075,-0.039,-0.04
62,ESPORTSTMNT03_3100615,1,1.1595,0.6535,-0.588,0.134,-0.193,-0.175,-0.455,0.0,0.067,-0.667,-0.3,0.0,-0.01,0.032,-0.082,-0.022,-0.119
63,ESPORTSTMNT03_3099594,1,1.2823,0.4471,0.119,-0.065,0.0,-0.065,-0.252,0.5,-0.25,0.0,0.0,0.25,-0.055,0.161,0.081,-0.073,-0.076
64,ESPORTSTMNT03_3100826,0,-0.3678,-0.6473,0.5,0.127,-0.341,0.131,0.184,0.5,0.75,-1.0,0.5,0.0,0.065,0.049,0.065,0.06,0.135
65,ESPORTSTMNT03_3100863,0,-0.8244,-0.1358,-0.225,0.565,0.18,-0.14,-0.5,-0.5,0.5,0.0,0.0,-0.25,-0.06,-0.019,0.019,-0.04,-0.103
66,ESPORTSTMNT03_3098932,1,0.0592,-0.9695,0.5,0.06,-0.111,-0.1,-0.526,0.5,0.1,0.5,0.0,-0.5,0.019,0.036,-0.039,0.045,-0.126
67,ESPORTSTMNT03_3098936,1,1.2174,-1.5832,-0.211,-0.31,-0.54,-0.1,-0.128,0.0,0.5,-0.5,0.0,0.5,-0.061,-0.135,-0.09,-0.083,0.043
68,ESPORTSTMNT03_3098971,1,-1.3627,1.0544,0.026,0.188,0.417,0.067,0.35,-0.4,-0.5,-0.25,-0.5,-0.5,-0.058,0.092,0.017,0.007,0.453
69,ESPORTSTMNT03_3098980,1,1.135,-1.4428,0.0,0.008,-0.124,0.237,0.187,0.25,0.267,-0.067,0.55,0.2,-0.037,0.144,-0.072,0.076,0.052
70,ESPORTSTMNT03_3099980,0,0.0525,0.0525,0.114,0.105,-0.306,0.175,0.091,-0.167,0.25,-0.5,-0.167,0.5,0.02,0.241,-0.06,0.036,0.045
71,ESPORTSTMNT03_3099998,1,0.2531,-0.1509,-0.083,0.005,-0.4,-0.143,-0.095,0.0,0.0,0.0,0.5,0.667,-0.049,0.082,0.015,-0.099,-0.044
72,ESPORTSTMNT03_3103007,0,-1.4978,0.9788,0.196,-0.229,0.079,-0.179,-0.033,-0.5,-0.833,-1.0,-0.1,0.5,-0.082,-0.114,0.015,-0.118,-0.1
73,ESPORTSTMNT03_3103038,1,-1.2375,0.7557,-0.057,-0.252,-0.381,-0.162,0.124,0.2,-0.857,-1.0,0.0,0.0,-0.058,-0.11,0.054,-0.06,0.123
74,ESPORTSTMNT03_3102090,1,0.8842,-1.3428,0.068,-0.217,0.467,0.295,0.087,0.5,-0.1,-0.5,-0.5,1.0,-0.051,-0.11,-0.081,0.107,0.062
75,ESPORTSTMNT01_3304845,0,0.2181,-1.0907,0.267,0.155,-0.077,0.361,-0.188,0.667,0.5,-0.167,0.5,-0.333,-0.009,-0.103,-0.015,0.113,-0.137
76,ESPORTSTMNT01_3303961,0,-1.2092,0.3722,-0.023,-0.171,-0.122,-0.155,-0.205,-0.5,-0.667,-0.667,-0.167,-0.5,-0.003,-0.122,-0.021,-0.054,-0.155
77,ESPORTSTMNT01_3305848,1,0.5003,-1.3065,-0.023,0.081,-0.029,0.256,0.23,-0.25,0.5,0.417,0.667,0.5,0.039,0.198,-0.048,0.069,0.107
78,ESPORTSTMNT01_3304899,1,1.2113,-0.3508,0.121,-0.131,-0.39,-0.113,0.228,-0.167,0.333,0.5,0.25,1.0,0.018,0.105,-0.047,-0.077,0.147
79,ESPORTSTMNT01_3304926,0,-0.4943,1.2812,0.368,-0.045,-0.156,0.279,-0.143,-0.167,-0.667,-0.667,-0.2,-0.167,0.093,-0.146,-0.023,0.071,-0.025
80,ESPORTSTMNT01_3306459,1,0.9813,0.0451,-0.236,0.165,-0.314,0.213,0.265,0.5,0.1,-0.167,0.0,-0.25,-0.005,0.044,-0.083,0.059,0.153
81,ESPORTSTMNT01_3308368,1,0.2262,0.7754,-0.292,0.202,-0.275,-0.5,-0.167,0.0,0.5,0.5,0.0,0.1,0.066,0.121,-0.025,-0.002,-0.034
82,ESPORTSTMNT01_3308372,0,0.5786,0.3895,0.186,0.199,0.155,0.25,0.393,-0.333,0.667,-0.667,0.0,-0.167,-0.0,0.046,0.017,0.122,0.181
83,ESPORTSTMNT01_3308381,1,1.3405,-1.4959,-0.064,0.087,0.113,0.462,0.132,0.333,0.8,0.0,1.0,0.5,-0.072,-0.107,-0.025,-0.2,-0.008
84,ESPORTSTMNT01_3306514,0,-1.5459,1.387,0.088,0.018,-0.75,-0.667,1.0,-0.5,1.0,-0.5,-0.5,0.0,0.091,0.01,-0.075,0.024,-0.091
85,ESPORTSTMNT01_3309028,0,-0.5883,0.2181,0.05,-0.06,-0.292,0.241,0.274,0.0,-1.0,0.0,0.0,-0.2,-0.128,-0.146,-0.034,0.06,0.098
86,ESPORTSTMNT01_3309043,1,-0.4069,0.0515,-0.063,0.188,-0.215,0.205,0.224,-0.333,0.0,-0.333,-0.179,-0.333,-0.136,0.046,-0.02,0.055,0.091
87,ESPORTSTMNT01_3308953,0,-0.5301,0.1966,-0.001,0.211,-0.305,-0.227,-0.254,-0.1,0.5,-0.25,0.0,0.0,-0.045,0.048,-0.037,-0.051,-0.086
88,ESPORTSTMNT01_3309058,0,-1.0369,0.5882,0.007,0.179,0.121,-0.247,-0.281,-0.5,-0.5,-0.3,-0.833,-1.0,0.028,0.047,0.029,-0.053,-0.09
89,ESPORTSTMNT01_3309094,1,-0.8312,0.4424,0.056,-0.023,0.06,0.4,-0.14,0.0,-0.667,-0.333,-0.357,-0.5,0.136,0.004,-0.022,-0.08,-0.112
90,ESPORTSTMNT01_3311011,1,0.5414,-0.9343,0.011,-0.068,0.049,0.254,-0.667,-0.2,0.6,0.833,0.75,0.5,0.046,-0.149,-0.013,0.056,-0.021
91,ESPORTSTMNT01_3310502,1,-0.9637,-1.6666,0.091,0.067,0.112,-0.272,-0.262,0.0,0.0,1.0,-0.214,-0.167,-0.025,0.067,-0.014,-0.055,-0.083
92,ESPORTSTMNT01_3311520,0,-1.7676,-0.7668,0.049,0.208,-0.107,-0.556,-0.1,-0.75,0.2,-0.5,-0.5,-0.5,0.145,0.11,0.03,0.091,-0.056
93,ESPORTSTMNT01_3310542,0,0.1705,1.431,0.041,-0.016,0.251,0.24,0.221,0.0,-0.4,0.0,-0.6,-0.5,-0.062,-0.145,0.067,0.053,0.08
94,ESPORTSTMNT01_3310561,0,1.261,0.3204,-0.071,0.071,0.0,-0.075,-0.176,1.0,0.405,1.0,0.0,1.0,-0.068,-0.106,0.02,-0.05,-0.057
95,ESPORTSTMNT01_3309624,1,0.4597,1.091,-0.033,-0.047,0.137,-0.193,-0.193,0.0,-0.214,0.0,0.267,0.167,-0.024,0.108,-0.03,-0.051,-0.08
96,ESPORTSTMNT01_3309955,1,0.6845,0.041,-0.105,0.161,-0.317,0.087,-0.005,0.5,0.607,0.5,-0.333,-1.0,0.02,0.097,-0.104,0.021,0.082
97,ESPORTSTMNT01_3311892,0,-0.0966,0.7937,0.045,-0.031,0.357,-0.15,-0.141,-0.5,-0.375,-0.6,-0.4,-0.25,-0.023,0.111,0.039,-0.04,-0.07
98,ESPORTSTMNT01_3310923,1,1.3275,-1.0617,0.005,-0.112,-0.082,0.201,0.287,0.25,0.857,0.0,0.4,-0.5,0.008,-0.03,-0.006,0.052,0.167
99,ESPORTSTMNT01_3309997,0,-1.1333,1.3677,-0.022,-0.028,-0.156,-0.071,-0.083,-0.5,0.0,-0.214,-0.5,-0.5,-0.114,0.041,0.035,-0.045,0.022
100,ESPORTSTMNT02_3148631,0,-1.203,0.5375,0.125,-0.031,0.348,0.319,0.067,-0.5,-0.083,0.25,-0.167,-0.25,0.0,0.0,0.0,0.0,0.0
101,ESPORTSTMNT02_3150633,1,0.6201,-1.2633,-0.164,-0.421,-0.062,0.154,-0.25,0.0,0.5,0.5,0.5,-0.5,0.0,0.0,0.0,0.0,0.0
102,ESPORTSTMNT02_3150637,0,-1.6965,0.0378,0.139,-0.052,-0.095,0.0,0.0,0.0,-1.0,0.167,0.167,-0.4,0.0,0.0,0.0,0.0,0.0
103,ESPORTSTMNT02_3148704,0,-1.7398,0.1457,-0.053,0.154,-0.138,0.058,0.048,-0.667,-0.75,-0.667,0.0,-0.1,0.0,0.0,0.0,0.0,0.0
104,ESPORTSTMNT02_3149952,0,-0.6096,0.7877,-0.095,-0.06,0.174,-0.147,-0.131,-0.5,-0.5,-0.1,-0.333,-0.5,0.0,0.0,0.0,0.0,0.0
105,ESPORTSTMNT02_3150955,0,-0.6952,0.858,0.06,-0.027,0.0,0.61,0.155,-0.5,-0.5,0.0,0.125,0.714,0.0,0.5,0.0,0.5,1.0
106,ESPORTSTMNT02_3150959,0,-0.7552,1.0013,-0.053,0.067,-0.381,-0.194,0.153,0.0,-0.167,-0.5,-0.25,-0.5,0.0,0.0,0.0,0.0,0.0
107,ESPORTSTMNT02_3151024,1,-0.6056,0.8708,-0.084,0.047,-0.66,0.1,0.054,0.0,-0.75,-0.6,0.0,-0.5,0.0,0.0,0.0,0.0,0.0
108,ESPORTSTMNT02_3148999,0,-0.6905,0.9325,-0.04,-0.118,0.071,0.192,0.073,0.333,-0.47,-0.5,0.333,-0.167,1.0,-0.5,0.0,0.5,0.5
109,ESPORTSTMNT02_3151319,1,0.6002,1.1083,0.075,-0.066,-0.191,0.141,0.125,0.333,-0.048,-0.5,0.0,0.5,0.0,0.0,0.0,0.0,0.0
110,ESPORTSTMNT02_3151356,1,1.1751,0.4792,-0.125,-0.083,-0.133,0.234,0.214,0.0,0.161,-0.357,0.333,0.4,0.0,0.0,0.0,0.0,0.0
111,ESPORTSTMNT02_3152336,0,0.3676,1.2337,0.169,-0.4,0.142,0.137,0.061,-0.143,0.0,0.25,-0.167,0.0,0.0,0.0,0.0,0.0,0.0
112,ESPORTSTMNT02_3151375,1,0.2672,-1.2562,0.04,-0.05,0.091,0.198,0.368,-0.5,1.0,1.0,0.0,-0.5,0.0,0.0,0.0,0.0,0.0
113,ESPORTSTMNT02_3151399,0,-1.3067,0.3529,-0.11,-0.099,-0.217,0.044,-0.086,-0.714,-0.5,-0.429,-0.571,-0.333,0.0,0.0,0.0,0.0,0.0
114,ESPORTSTMNT02_3151678,1,-0.5275,-0.7652,0.058,-0.081,-0.117,0.023,0.12,0.5,0.333,-0.5,0.3,0.333,0.0,0.0,0.0,0.0,0.0
115,ESPORTSTMNT02_3153683,1,-0.6257,-0.6257,0.01,0.189,-0.125,0.0,0.149,-0.083,0.115,-0.25,-0.5,-0.25,0.0,0.0,0.0,0.0,0.0
116,ESPORTSTMNT02_3152651,0,-0.7152,-0.4964,-0.045,-0.115,0.215,-0.028,-0.13,-0.15,0.024,0.8,0.0,-0.133,0.0,0.0,0.0,0.0,0.0
117,ESPORTSTMNT02_3151708,0,-1.7178,0.6461,-0.111,0.133,0.12,0.066,-0.048,-1.0,-0.306,0.0,-0.5,-0.714,0.0,0.0,0.0,0.0,0.0
118,ESPORTSTMNT02_3151734,0,-1.7414,0.7054,0.036,0.112,0.093,0.024,-0.1,-0.429,-0.4,-0.667,-0.667,-0.75,0.0,0.0,0.0,0.0,0.0
119,ESPORTSTMNT02_3154050,0,1.0355,0.9787,-0.1,-0.058,-0.092,-0.242,-0.278,-0.333,0.264,0.333,0.0,0.0,0.0,0.0,0.0,0.0,0.0
120,ESPORTSTMNT02_3156036,1,1.1052,0.8591,0.074,0.156,0.164,-0.026,0.014,0.3,0.5,0.0,0.036,0.4,0.0,0.0,0.0,0.0,0.0
121,ESPORTSTMNT02_3155063,0,0.7444,1.1678,-0.126,0.01,-0.207,0.267,0.219,-0.167,0.0,0.167,0.2,0.0,0.0,0.0,0.0,0.0,0.0
122,ESPORTSTMNT02_3154086,0,0.74,0.4488,0.15,-0.385,-0.15,0.063,-0.167,0.071,0.3,0.25,-0.238,0.0,0.0,0.0,0.0,0.0,0.0
123,ESPORTSTMNT02_3156083,0,0.6148,0.5354,0.12,-0.009,0.127,0.043,0.149,-0.5,0.0,0.5,-0.5,0.0,-0.5,0.0,0.0,0.0,0.0
124,ESPORTSTMNT02_3158638,0,-1.7941,0.8197,0.111,0.09,-0.043,-0.005,0.108,0.167,-0.133,-0.75,-0.583,-1.0,-0.044,0.172,0.278,-0.357,-0.417
125,ESPORTSTMNT02_3157736,0,-1.8112,0.8673,-0.01,0.072,-0.12,-0.022,0.081,0.5,-0.333,-0.5,-0.657,-1.0,0.016,0.1,0.714,-0.403,-0.462
126,ESPORTSTMNT02_3159649,0,0.6314,0.6776,-0.163,0.031,0.038,0.153,0.155,0.0,-0.5,0.5,-0.333,-0.25,0.25,-0.033,-0.167,0.133,0.275
127,ESPORTSTMNT02_3158788,1,0.7537,0.5267,0.038,0.009,0.09,-0.259,-0.382,0.0,0.071,0.5,-0.5,-1.0,-0.112,-0.088,-0.177,-0.107,-0.2
128,ESPORTSTMNT02_3161272,1,0.4463,-0.5334,0.092,0.075,0.054,0.46,-0.251,0.25,0.6,0.417,0.125,0.214,-0.017,0.014,0.252,-0.14,-0.129
129,ESPORTSTMNT02_3161348,1,-0.4186,0.3443,-0.085,-0.155,-0.091,-0.214,-0.291,-0.528,0.0,-0.667,-0.214,-0.5,0.014,-0.098,0.042,-0.069,-0.313
130,ESPORTSTMNT02_3160419,1,0.419,-0.4936,0.066,0.477,0.083,0.208,0.214,0.033,-0.1,0.333,-0.167,0.167,0.176,-0.036,0.087,0.183,0.243
131,ESPORTSTMNT02_3161391,1,1.2152,0.4252,0.035,-0.03,-0.291,0.122,0.115,0.25,0.667,-0.3,0.8,0.714,0.214,-0.012,-0.111,-0.206,-0.146
132,ESPORTSTMNT02_3162355,0,0.3335,1.2593,0.604,-0.58,0.193,-0.021,-0.105,0.75,-0.429,-0.333,-0.167,-0.333,0.621,-0.016,0.064,-0.167,-0.146
133,ESPORTSTMNT02_3160953,1,0.9254,-1.3068,0.129,-0.085,0.073,-0.138,-0.135,0.5,0.6,-0.1,0.125,0.5,0.353,-0.058,0.156,-0.027,-0.088
134,ESPORTSTMNT02_3160975,0,-1.3423,0.9635,0.179,0.002,-0.078,0.117,0.11,-0.5,-0.524,0.0,-0.667,-0.571,0.389,-0.103,-0.083,0.001,0.055
135,ESPORTSTMNT02_3160991,1,0.794,-0.7038,0.065,0.518,-0.5,-0.08,0.152,-0.056,0.6,0.167,0.3,0.833,-0.021,0.052,-0.128,-0.223,0.061
136,ESPORTSTMNT02_3163043,0,-0.7625,0.8437,-0.014,0.052,-0.147,0.045,0.129,-0.8,-0.095,-0.5,-0.833,0.0,-0.186,-0.087,-0.006,0.169,0.007
137,ESPORTSTMNT02_3163421,1,1.2449,0.4188,0.156,0.034,0.124,0.097,0.086,0.133,0.25,0.0,0.119,-0.05,0.0,-0.067,0.0,-0.429,-0.55
138,ESPORTSTMNT02_3164423,1,1.2831,0.3326,-0.187,0.053,0.283,0.083,-0.092,0.0,0.333,0.5,0.5,0.3,-0.25,0.167,0.0,0.25,0.1
139,ESPORTSTMNT02_3163473,1,-1.5767,0.2453,-0.026,-0.021,-0.273,-0.022,-0.292,-0.5,-0.625,0.0,-0.125,-0.167,0.75,-0.069,0.4,0.0,1.0
140,ESPORTSTMNT02_3164479,1,0.3125,-1.6055,0.094,0.085,0.055,-0.008,0.251,0.667,-0.167,0.5,-0.444,-0.5,0.5,0.155,-0.25,0.0,-0.5
141,ESPORTSTMNT02_3163529,0,-1.6307,0.374,-0.124,0.087,0.133,0.101,0.093,-0.256,-0.389,-0.167,0.333,0.333,-0.238,0.267,0.125,-0.167,-0.321
142,ESPORTSTMNT02_3165696,1,-0.3642,-1.3874,0.095,-0.089,-0.013,-0.082,-0.071,0.5,0.333,0.1,0.6,0.5,-0.667,-0.345,-0.667,0.444,0.4
143,ESPORTSTMNT02_3164832,1,-1.2666,-0.4529,0.016,-0.073,0.25,0.014,0.016,-0.5,-0.5,0.0,-0.238,-0.1,0.044,-0.167,0.1,-0.333,0.0
144,ESPORTSTMNT02_3163849,0,-0.5366,-1.1479,-0.124,0.057,-0.071,0.028,0.111,-0.6,-0.071,0.6,0.375,0.083,0.0,0.071,-0.083,-0.25,1.0
145,ESPORTSTMNT02_3163865,1,0.4734,-0.8857,0.152,0.048,0.086,0.192,0.235,0.477,-0.286,0.5,-0.167,0.357,-0.5,-0.167,-0.5,0.1,0.25
146,ESPORTSTMNT02_3164896,0,-0.9381,0.5337,0.2,-0.041,0.0,0.021,-0.067,0.0,-0.667,0.25,-0.267,-0.625,-0.4,0.024,0.055,0.167,-0.222
147,ESPORTSTMNT03_3111569,0,-0.9813,1.3062,-0.126,-0.556,0.022,0.319,0.0,-0.633,-0.688,-0.667,-0.125,0.0,0.0,0.0,0.0,0.0,0.0
148,ESPORTSTMNT03_3113604,0,-1.0212,1.3242,-0.009,0.045,0.625,-0.026,0.083,-0.333,-0.5,0.0,-0.333,0.0,0.0,0.0,0.0,0.0,0.0
149,ESPORTSTMNT03_3111606,0,-1.1359,0.8732,0.04,-0.5,-0.213,0.196,0.177,-0.333,-0.5,-0.167,0.167,-0.5,0.0,0.0,0.0,0.0,0.0
150,ESPORTSTMNT03_3111641,1,0.9121,-1.1702,0.194,-0.6,0.538,0.07,0.059,-0.5,0.0,0.5,0.778,0.75,0.0,0.0,0.0,0.0,0.0
151,ESPORTSTMNT03_3112838,1,0.3699,0.821,0.373,0.056,0.132,-0.009,0.371,-0.357,-0.333,0.167,0.125,-0.5,0.5,0.0,0.0,0.0,0.0
152,ESPORTSTMNT03_3111908,1,0.8699,0.2875,0.018,-0.38,-0.282,0.163,0.143,0.3,0.375,-0.167,0.333,-0.5,0.0,0.0,0.0,0.0,0.0
153,ESPORTSTMNT03_3113903,0,0.7854,0.3579,0.025,-0.08,-0.5,0.182,0.129,0.333,0.1,0.0,0.5,0.25,-0.5,-1.0,0.0,0.5,0.0
154,ESPORTSTMNT03_3113908,1,0.5825,-1.6326,0.028,0.058,0.273,0.078,0.077,1.0,0.524,0.0,0.625,0.667,0.0,0.0,0.5,0.0,0.0
155,ESPORTSTMNT03_3112906,0,-1.6516,0.6284,-0.144,-0.3,-0.175,-0.202,-0.259,-0.1,-1.0,-0.5,-0.1,-0.2,0.5,0.0,0.0,-0.5,-1.0
156,ESPORTSTMNT03_3115239,1,0.4031,-1.0284,0.047,-0.387,0.012,0.051,0.366,0.095,0.1,0.071,0.857,0.5,0.0,0.333,0.0,0.0,0.0
157,ESPORTSTMNT03_3116248,1,-0.9338,0.3272,-0.005,0.311,0.179,-0.474,-0.138,-0.583,-0.636,-0.5,0.25,0.25,0.0,-1.0,0.0,0.0,0.0
158,ESPORTSTMNT03_3116266,0,0.2533,-0.8411,0.091,0.162,0.429,0.04,0.051,0.1,0.75,0.0,0.267,0.571,-1.0,0.0,0.0,-0.5,0.0
159,ESPORTSTMNT03_3116279,0,-0.5653,1.3307,-0.081,-0.002,0.036,0.189,-0.527,-0.233,-0.321,-0.5,-0.429,-0.5,0.0,0.0,0.0,0.0,0.0
160,ESPORTSTMNT03_3115330,1,1.3496,-0.6157,-0.025,-0.048,-0.056,0.125,-0.167,0.1,0.0,0.167,0.357,0.5,0.5,0.5,0.5,-0.5,0.0
161,ESPORTSTMNT03_3115657,0,0.5497,0.9623,0.22,-0.253,-0.345,0.677,-0.1,0.5,0.0,0.0,0.167,0.5,0.0,0.0,0.0,0.0,0.0
162,ESPORTSTMNT03_3116666,0,0.4732,1.0076,0.021,0.286,0.1,-0.106,-0.11,0.5,0.0,0.0,-0.3,-0.222,0.5,1.0,0.0,-0.5,0.0
163,ESPORTSTMNT03_3116676,0,-1.711,-1.0546,-0.053,0.008,0.006,-0.204,-0.044,-0.143,-0.524,0.0,-0.389,-0.5,0.0,0.0,0.0,0.0,0.0
164,ESPORTSTMNT03_3114711,1,-1.6091,-1.1343,-0.276,0.061,-0.025,-0.123,0.0,-0.136,-0.625,0.0,-0.2,-0.5,-0.5,-0.5,-0.5,-0.5,0.5
165,ESPORTSTMNT03_3116711,1,-1.0353,-1.663,0.064,0.245,-0.121,-0.131,-0.134,0.5,-0.125,-0.5,-0.068,-0.05,0.0,-0.5,0.0,0.0,0.0
166,ESPORTSTMNT03_3117109,0,0.1746,0.4051,0.018,0.08,-0.115,0.208,0.287,0.167,-0.05,-0.35,-0.333,0.222,0.0,0.0,0.0,0.0,0.0
167,ESPORTSTMNT03_3119106,0,0.1046,0.4643,0.198,-0.002,0.069,0.042,-0.458,0.061,0.136,0.2,-0.167,-0.167,0.5,-0.167,0.0,-0.5,0.5
168,ESPORTSTMNT03_3117150,0,-0.7075,0.8205,-0.064,-0.162,-0.008,-0.228,0.285,-0.1,-0.125,0.0,-0.167,0.429,0.5,0.0,0.0,-0.5,1.0
169,ESPORTSTMNT03_3117167,1,0.8582,-0.753,-0.152,-0.15,0.372,0.0,0.4,0.0,0.0,1.0,0.0,0.0,0.0,-1.0,0.0,-0.5,-0.5
170,ESPORTSTMNT03_3121502,1,-0.7632,-1.67,0.0,0.215,0.09,0.041,0.041,-0.333,0.389,0.5,0.9,1.0,-1.0,0.214,0.25,-0.25,0.4
171,ESPORTSTMNT03_3122530,1,-1.5764,-0.8383,-0.096,-0.135,0.294,0.147,0.12,-0.083,-0.3,0.75,0.1,0.0,0.0,0.222,0.0,0.0,0.5
172,ESPORTSTMNT03_3122536,1,-0.7492,-1.6197,-0.056,0.231,-0.083,-0.267,0.375,1.0,0.485,-0.8,-0.167,-0.167,-0.036,0.267,0.167,-0.405,-0.071
173,ESPORTSTMNT03_3120564,1,0.5062,0.3698,-0.031,0.092,0.273,0.123,0.056,0.35,-0.357,-0.056,-0.136,-0.2,-0.171,-0.625,0.583,0.0,0.0
174,ESPORTSTMNT03_3122584,1,0.4298,0.4298,-0.511,-0.189,0.378,-0.136,-0.06,-0.5,0.0,0.5,0.167,0.0,0.5,0.067,-0.057,1.0,0.167
175,ESPORTSTMNT03_3120628,1,0.4864,0.3572,-0.148,-0.161,-0.006,-0.207,-0.5,0.05,-0.333,-0.2,-0.067,0.167,0.0,-0.062,-0.4,-0.333,0.333
176,ESPORTSTMNT03_3123048,1,0.909,0.0273,0.069,0.066,0.09,0.071,-0.027,0.171,0.444,0.167,0.633,0.633,0.0,0.238,0.115,-0.012,-0.278
177,ESPORTSTMNT03_3123081,0,-0.0345,0.9475,-0.088,0.107,0.097,0.117,-0.429,-0.167,0.333,0.136,0.0,0.0,0.1,0.086,0.205,-0.06,0.033
178,ESPORTSTMNT03_3124078,1,1.3953,-1.0775,0.126,0.078,0.027,0.123,0.131,0.857,0.5,0.367,0.607,0.444,-0.022,0.317,0.084,-0.118,-0.087
179,ESPORTSTMNT03_3125134,0,-1.1089,1.4085,-0.13,-0.083,0.102,-0.567,-0.076,-0.357,-0.5,-0.5,-0.269,-0.214,-0.182,-0.033,0.167,0.364,-0.267
180,ESPORTSTMNT03_3124535,1,1.03,-1.5824,-0.128,0.075,-0.065,0.038,0.236,0.5,0.667,0.5,0.5,1.0,0.092,0.081,-0.081,0.088,0.122
181,ESPORTSTMNT03_3125587,0,-1.5972,1.0552,-0.5,-0.181,0.0,-0.092,-0.003,0.0,-0.778,0.5,-0.409,-0.667,-0.167,0.161,-0.034,-0.215,-0.028
182,ESPORTSTMNT03_3125600,0,-0.7932,0.5179,-0.048,0.201,-0.072,0.163,-0.444,-0.25,-0.6,-0.667,-0.5,-0.5,0.145,-0.141,-0.17,0.083,0.136
183,ESPORTSTMNT03_3123651,0,-0.8343,0.5586,-0.057,0.142,-0.12,0.076,0.0,0.0,-0.5,-0.833,-0.7,-0.5,0.121,0.003,0.002,0.234,0.056
184,ESPORTSTMNT03_3127022,0,-0.0931,-0.9887,0.088,0.053,-0.018,0.013,0.069,0.167,-0.3,0.0,0.357,0.333,-0.167,0.179,0.5,0.033,-0.444
185,ESPORTSTMNT03_3126034,0,-1.0269,-0.0345,-0.01,0.039,-0.113,0.073,0.212,0.0,-0.083,-0.667,0.455,0.5,0.0,0.144,-0.5,-0.036,-0.2
186,ESPORTSTMNT03_3128016,0,-1.0633,0.022,-0.085,0.179,-0.098,0.084,0.076,-0.1,-0.115,-0.625,-0.083,-0.5,-0.333,-0.164,-0.25,0.5,1.0
187,ESPORTSTMNT03_3128023,0,1.2867,0.3961,0.001,0.148,0.048,-0.107,-0.059,0.333,0.0,-0.273,0.375,-0.25,-0.018,-0.107,0.1,-0.625,0.125
188,ESPORTSTMNT03_3126091,1,1.3139,0.3322,0.073,0.119,-0.119,0.005,0.067,0.667,-0.2,-0.5,0.278,0.8,-0.176,-0.237,0.875,-0.02,-0.243
189,ESPORTSTMNT03_3128073,1,1.3386,0.2706,0.098,-0.5,0.218,0.127,0.162,0.446,-0.25,0.667,0.217,0.182,0.273,0.0,-0.5,-0.314,0.056
190,ESPORTSTMNT03_3127306,0,0.9852,-0.7621,0.068,-0.128,-0.195,0.139,0.175,0.267,0.667,0.571,0.556,0.625,0.0,0.25,0.5,0.667,0.667
191,ESPORTSTMNT03_3128324,1,1.0142,-0.8014,0.113,-0.151,0.004,0.124,0.157,0.0,0.75,0.464,0.4,0.456,-0.167,0.667,-0.5,0.167,0.167
192,ESPORTSTMNT03_3127325,0,-0.837,1.0419,0.068,-0.127,-0.167,-0.188,-0.038,-0.667,-0.625,-0.5,-1.0,-0.5,-0.2,0.114,0.5,-0.1,-0.25
193,ESPORTSTMNT03_3128333,1,0.9513,-0.7411,0.034,0.137,0.6,0.039,0.444,0.429,0.167,-0.5,-0.143,0.0,0.214,-0.524,-0.378,-0.667,-0.5
194,ESPORTSTMNT03_3127378,1,-0.6656,0.885,-0.111,-0.058,-0.5,-0.135,-0.17,0.25,-0.606,-0.5,0.114,0.0,0.081,0.542,0.0,0.071,0.127
195,ESPORTSTMNT03_3127386,0,0.8175,-0.5923,-0.031,0.163,0.667,0.079,0.131,0.417,0.5,0.5,0.542,0.5,0.35,0.033,0.5,0.0,0.5
196,ESPORTSTMNT01_3325029,1,-0.5169,-1.1265,-0.023,-0.135,0.06,0.35,-0.014,0.5,-0.2,-0.167,0.0,0.0,0.0,0.0,0.0,0.0,0.0
197,ESPORTSTMNT01_3326046,0,-0.5744,-1.045,0.111,-0.112,-0.023,-0.067,-0.012,0.5,0.03,0.095,-0.083,0.0,0.0,0.0,0.0,0.0,0.0
198,ESPORTSTMNT01_3325049,1,-0.5035,-1.0864,-0.097,0.089,0.067,0.123,0.033,0.556,-1.0,0.0,-0.214,-0.167,0.0,0.0,0.0,0.0,0.0
199,ESPORTSTMNT01_3325060,1,0.0807,-0.9137,-0.081,-0.184,0.033,-0.015,-0.003,-0.054,0.2,0.167,0.06,-0.125,0.0,0.0,0.0,0.0,0.0
200,ESPORTSTMNT01_3326099,0,-0.9512,0.1331,0.004,-0.595,-0.127,0.079,0.33,-0.071,0.0,0.0,0.5,0.556,0.0,0.0,0.0,0.0,0.0
201,ESPORTSTMNT01_3324334,0,0.975,1.3927,-0.493,0.105,0.075,0.262,-0.42,-1.0,0.5,0.0,0.5,-0.5,0.0,0.0,0.0,0.0,0.0
202,ESPORTSTMNT01_3325316,0,0.9033,1.4274,-0.08,-0.01,-0.054,-0.127,-0.201,-0.889,-0.125,0.5,0.0,-0.25,0.0,0.0,0.0,0.0,0.0
203,ESPORTSTMNT01_3324352,0,0.2169,0.8635,-0.092,0.047,-0.008,0.282,0.025,-0.375,0.0,0.2,-0.1,-1.0,0.0,0.0,0.0,0.0,0.0
204,ESPORTSTMNT01_3325340,0,0.1571,0.899,0.595,0.007,-0.124,-0.001,0.001,-0.5,0.0,-0.5,-0.727,-0.625,0.0,0.0,0.0,0.0,0.0
205,ESPORTSTMNT01_3324628,0,-0.5301,0.6324,0.132,0.039,0.233,0.288,-0.35,-0.833,-0.303,-0.125,0.5,0.0,0.0,-0.5,0.0,0.0,-0.5
206,ESPORTSTMNT01_3324646,0,-0.5712,0.6714,-0.078,-0.029,-0.048,-0.177,-0.019,-0.75,-0.128,-0.25,0.25,0.0,0.0,0.0,0.0,0.0,0.0
207,ESPORTSTMNT01_3324649,0,-0.9919,-1.5315,-0.032,0.064,-0.162,0.109,0.005,-0.176,0.0,-0.5,0.25,0.143,0.5,0.0,0.5,-0.5,-0.5
208,ESPORTSTMNT01_3325624,0,-1.0511,-1.447,0.453,-0.017,0.168,0.041,0.038,0.25,0.167,0.0,-0.045,-0.1,0.0,0.0,0.0,0.5,0.5
209,ESPORTSTMNT01_3325832,1,0.1998,0.0824,-0.083,-0.053,-0.159,0.001,-0.179,-0.282,0.0,0.0,-0.167,-1.0,0.0,0.0,0.5,0.0,-0.5
210,ESPORTSTMNT01_3325855,1,0.1356,0.1401,-0.192,-0.09,-0.167,-0.096,0.425,0.5,0.043,-0.167,-0.333,0.25,-1.0,0.0,-0.5,-0.5,-0.167
211,ESPORTSTMNT01_3325862,1,0.1931,0.0801,-0.145,-0.082,-0.136,-0.463,-0.5,-0.6,-0.067,-0.7,-0.071,-0.071,-0.667,-0.333,0.0,-0.5,0.0
212,ESPORTSTMNT01_3324928,1,0.9465,0.8372,-0.044,0.034,-0.114,-0.012,-0.071,-0.333,-0.028,0.2,-0.25,0.0,0.5,0.0,-0.5,-0.5,0.0
213,ESPORTSTMNT01_3326924,1,0.9874,0.7665,0.064,-0.413,-0.049,-0.137,-0.017,0.214,0.3,0.333,0.25,0.0,0.0,0.0,0.0,0.0,-0.5
214,ESPORTSTMNT01_3327201,1,1.4688,-1.4666,-0.15,0.044,0.205,0.078,0.084,0.5,0.657,0.0,0.8,0.8,0.0,0.0,0.0,0.0,0.0
215,ESPORTSTMNT01_3328186,0,-1.4831,1.4782,0.096,0.043,0.029,-0.091,-0.123,-0.5,0.167,-0.5,-0.664,-0.722,-0.5,-0.5,0.0,0.5,0.5
216,ESPORTSTMNT01_3328190,1,0.7176,-1.1121,-0.075,-0.059,-0.13,-0.01,-0.039,0.607,0.167,0.667,0.227,0.214,0.0,0.0,0.0,0.0,0.0
217,ESPORTSTMNT01_3328205,1,0.7502,-1.139,-0.065,0.04,-0.122,0.018,-0.077,-0.1,0.067,0.5,0.75,-0.25,0.5,0.0,0.0,-0.5,-0.5
218,ESPORTSTMNT01_3330071,0,0.039,0.7849,0.012,0.021,-0.1,0.056,-0.111,-0.056,0.0,-0.5,-0.269,0.0,-0.071,0.571,0.167,0.0,0.667
219,ESPORTSTMNT01_3331073,1,0.0907,0.7244,0.069,0.002,-0.125,0.021,-0.2,0.071,-0.048,-0.1,-0.452,-0.5,0.125,0.417,-0.167,-0.179,0.0
220,ESPORTSTMNT01_3331076,1,0.7594,0.0421,-0.5,-0.045,-0.155,0.045,-0.149,-0.4,0.526,1.0,0.233,-0.5,0.136,0.05,0.1,0.1,-0.1
221,ESPORTSTMNT01_3332065,0,-0.0046,0.7922,-0.506,-0.192,0.017,0.05,0.36,-0.636,-0.857,0.0,-0.25,-0.333,-0.667,-0.119,-0.6,-0.167,0.0
222,ESPORTSTMNT01_3332285,0,0.6814,0.2574,0.126,0.053,-0.207,0.088,-0.063,0.267,0.889,0.25,0.062,0.4,-0.5,0.5,0.5,-1.0,-0.5
223,ESPORTSTMNT01_3331293,1,0.7224,0.2029,-0.034,0.097,0.024,-0.13,-0.217,0.6,-0.167,0.0,0.409,-0.3,-1.0,0.167,-0.167,0.5,-0.5
224,ESPORTSTMNT01_3332318,1,0.2525,0.6584,0.098,0.137,0.042,0.083,0.112,0.692,0.167,-0.6,0.3,0.0,0.25,0.167,0.167,0.0,0.667
225,ESPORTSTMNT01_3331318,0,0.5966,0.3003,0.109,0.042,0.0,0.08,0.088,0.0,0.6,0.0,-0.071,0.417,-0.5,0.125,-0.75,-0.571,0.5
226,ESPORTSTMNT01_3332801,1,1.505,0.7518,0.122,0.12,-0.078,0.076,0.117,0.025,0.5,-0.5,-0.167,0.068,-0.133,-0.222,0.167,-0.5,-0.375
227,ESPORTSTMNT01_3331791,1,0.7978,1.4474,-0.083,0.006,0.35,0.069,-0.007,0.091,-0.261,0.0,-0.083,-0.25,0.214,0.033,0.5,0.029,0.167
228,ESPORTSTMNT01_3331800,1,1.4725,0.7427,-0.035,0.03,0.093,-0.155,-0.071,-0.25,0.333,0.0,-0.214,-0.3,0.0,-0.26,-0.2,0.079,-0.35
229,ESPORTSTMNT01_3330869,1,0.7869,1.4156,-0.075,-0.057,1.0,0.048,-0.092,0.056,-0.232,1.0,-0.235,-0.3,0.5,0.0,0.0,0.5,0.5
230,ESPORTSTMNT01_3331817,1,1.4419,0.7332,0.027,-0.275,-0.024,-0.138,0.214,-0.231,-0.143,0.2,-0.125,0.5,0.5,0.0,0.5,-0.5,0.0
231,ESPORTSTMNT01_3334067,1,1.0566,0.2779,-0.029,0.033,-0.031,0.045,-0.084,0.0,0.273,-0.667,0.519,0.333,0.5,0.167,0.5,-0.333,-0.667
232,ESPORTSTMNT01_3333121,0,0.227,1.0867,0.088,0.016,0.125,0.156,0.056,0.014,-0.104,0.5,0.333,-0.286,0.25,0.714,0.0,0.5,0.5
233,ESPORTSTMNT01_3335064,1,0.2762,1.0272,-0.041,-0.033,0.105,-0.006,0.3,-0.386,-0.583,-0.167,0.0,0.0,0.0,0.0,0.0,0.0,0.0
234,ESPORTSTMNT01_3334092,1,1.056,0.228,-0.07,0.022,0.074,0.027,0.234,0.061,0.462,0.5,0.8,0.714,0.0,-1.0,0.5,0.0,0.0
235,ESPORTSTMNT01_3336792,1,1.4828,0.9991,-0.468,-0.036,-0.127,0.053,-0.033,0.375,0.217,0.0,-0.125,-0.5,0.0,0.0,-1.0,-0.5,0.5
236,ESPORTSTMNT01_3338726,0,0.9426,1.5109,0.432,0.143,0.04,-0.047,-0.269,-0.286,0.015,-0.5,0.0,0.0,-0.5,-0.25,0.5,0.667,-0.167
237,ESPORTSTMNT01_3336831,1,0.9848,1.4577,-0.094,-0.103,0.095,-0.085,-0.301,0.167,-0.462,-0.333,-0.5,-0.25,0.0,0.571,0.25,0.0,-0.417
238,ESPORTSTMNT01_3336846,1,1.4863,0.9302,-0.156,-0.046,-0.027,0.12,-0.5,0.5,0.333,-0.25,0.222,-0.3,0.333,0.3,-0.048,-0.167,0.167
239,ESPORTSTMNT01_3337944,1,0.8108,0.2013,-0.037,0.073,-0.065,0.066,-0.045,-0.1,0.03,0.714,0.611,0.477,0.0,0.0,0.0,-0.5,0.0
240,ESPORTSTMNT01_3339077,0,0.1555,0.8419,0.08,0.099,0.171,-0.161,0.028,0.0,0.279,-0.5,-0.4,-0.5,0.0,1.0,0.5,0.5,0.0
241,ESPORTSTMNT01_3337979,1,0.2029,0.7905,0.011,0.083,0.337,-0.183,-0.058,0.417,0.1,0.333,-0.438,-1.0,0.667,0.0,0.0,-0.1,0.0
242,ESPORTSTMNT01_3339102,1,0.8217,0.1567,-0.056,0.1,0.045,-0.084,0.474,0.25,0.167,0.25,0.412,0.75,-0.5,1.0,0.0,-0.071,0.444
243,ESPORTSTMNT01_3340970,0,0.8793,0.8576,0.091,0.125,0.111,0.052,-0.154,0.033,0.333,0.0,-0.25,-0.3,0.0,0.0,0.0,0.0,0.0
244,ESPORTSTMNT01_3340987,1,0.9148,0.8071,-0.1,-0.084,-0.542,0.016,-0.25,-0.5,-0.229,-0.667,-0.4,-0.833,0.0,0.5,0.5,-1.0,-1.0
245,ESPORTSTMNT01_3341983,0,0.7585,0.949,-0.117,-0.155,-0.063,0.007,-0.323,0.0,-0.036,-0.429,0.333,-0.2,0.0,0.0,0.0,0.0,0.0
246,ESPORTSTMNT01_3341999,0,0.7117,0.9804,0.064,-0.014,0.333,0.128,-0.221,-0.1,0.1,0.333,0.056,-0.667,0.0,0.0,0.0,0.0,0.0
247,ESPORTSTMNT01_3344120,0,1.4599,1.0201,0.081,-0.036,0.042,0.105,-0.25,-0.111,0.221,0.0,0.3,-0.714,0.667,0.0,0.0,0.0,-0.167
248,ESPORTSTMNT01_3344136,0,1.4091,1.0581,0.087,0.046,0.021,0.144,0.417,0.0,0.02,0.4,0.286,0.5,0.5,-0.167,-1.0,-0.5,0.5
249,ESPORTSTMNT01_3344140,1,1.4366,1.009,-0.1,0.049,-0.038,-0.044,-0.112,0.2,0.161,-0.667,-0.167,0.25,-0.167,0.75,-1.0,0.4,-0.25
250,ESPORTSTMNT01_3344160,1,1.0465,1.3873,0.015,0.067,0.315,-0.045,-0.22,-0.25,-0.036,0.333,-0.25,-0.3,-0.35,0.5,0.25,0.0,-1.0
251,ESPORTSTMNT03_3167508,1,0,0,0.0,0.0,0.0,0.0,0.0,0.288,0.042,0.667,0.375,0.278,-0.102,0.018,0.051,-0.198,-0.023
252,ESPORTSTMNT03_3165687,1,1.8974,1.8974,0.0,0.0,0.5,0.5,0.0,0.0,-0.128,-0.167,0.0,0.5,-0.433,0.068,0.024,0.077,-0.125
253,ESPORTSTMNT03_3166614,1,1.8974,1.8974,0.5,-0.5,0.0,-1.0,1.0,0.321,-0.5,0.5,-0.667,0.167,-0.193,0.308,-0.049,-0.096,0.041
254,ESPORTSTMNT03_3166620,1,1.8498,-0.5985,0.5,-0.5,0.5,0.167,-1.0,0.5,0.875,0.5,0.5,0.0,-0.171,0.019,0.062,0.071,-0.05
255,ESPORTSTMNT03_3167593,0,-0.5985,1.8498,0.0,-0.5,0.0,0.0,0.0,0.125,-0.212,-0.167,-0.417,-0.409,-0.085,-0.106,-0.274,-0.096,-0.079
256,ESPORTSTMNT03_3167810,1,1.5309,-0.7277,-1.0,0.5,0.5,0.25,-0.667,0.267,0.0,-0.167,0.5,0.167,0.158,0.396,-0.03,0.067,0.039
257,ESPORTSTMNT03_3165973,0,-0.7277,1.5309,-0.333,0.167,-1.0,-0.3,0.0,0.25,-1.0,-0.4,-0.385,-0.75,-0.156,0.022,-0.014,-0.03,-0.054
258,ESPORTSTMNT03_3165974,1,1.2432,-0.8813,0.0,0.5,-0.5,-0.833,-0.067,-0.5,-0.024,-0.167,-0.143,0.167,-0.065,-0.107,0.103,-0.046,-0.072
259,ESPORTSTMNT03_3166917,1,0.3678,0.3678,-0.167,-0.5,0.5,0.214,0.167,-0.333,0.5,0.0,0.167,0.0,-0.192,-0.016,0.018,0.082,-0.057
260,ESPORTSTMNT03_3166925,0,-0.0531,0.7418,0.0,-0.4,0.5,-0.25,0.314,0.25,-0.333,0.25,0.117,0.714,0.085,0.032,0.417,-0.047,-0.035
261,ESPORTSTMNT03_3169046,1,0.8806,-1.0243,-1.0,-1.0,0.5,-0.778,-0.5,0.091,-0.125,0.0,-0.25,-0.5,-0.5,-1.0,0.5,1.0,-0.333
262,ESPORTSTMNT03_3170021,1,0.2474,0.4973,0.0,-0.333,-0.6,0.2,0.125,-0.4,-0.214,-0.5,0.0,-0.25,0.167,0.0,-0.167,-1.0,0.5
263,ESPORTSTMNT03_3168164,0,0.227,0.6328,-0.167,0.0,-0.5,0.167,0.167,0.033,0.5,0.0,0.289,0.25,0.25,-0.167,-0.171,-0.167,0.5
264,ESPORTSTMNT03_3168168,1,0.1785,-1.2759,-0.15,0.417,0.0,-0.227,-0.667,-0.5,0.571,-0.75,-1.0,-0.051,-0.05,0.25,-0.667,0.389,0.75
265,ESPORTSTMNT03_3169092,1,0.0577,-0.235,-0.067,-0.167,-0.321,-0.167,0.171,0.067,0.119,0.1,0.044,-0.5,-0.133,0.5,-0.071,0.318,0.083
266,ESPORTSTMNT03_3170048,1,0.4773,-0.455,0.571,0.071,-0.3,-0.015,0.261,0.15,0.0,0.167,0.14,0.5,0.667,1.0,-0.1,0.269,0.3
267,ESPORTSTMNT03_3169206,1,-0.6077,-0.0421,-0.556,0.125,-0.5,-0.667,-0.167,0.0,0.0,-0.5,-0.1,-0.6,0.0,0.0,-0.5,0.0,0.5
268,ESPORTSTMNT03_3168300,0,-0.4056,-0.0669,0.225,0.667,-0.214,-0.238,-0.282,-0.083,0.312,0.0,-0.5,-0.125,-0.5,0.0,0.5,1.0,0.5
269,ESPORTSTMNT03_3170167,1,1.3932,-0.8889,0.0,0.167,-0.75,-0.029,0.343,0.3,0.316,0.0,0.583,0.5,0.0,0.0,0.0,0.0,0.0
270,ESPORTSTMNT03_3169215,0,-1.0326,1.3835,0.111,0.133,-0.429,0.062,-0.167,0.0,-0.667,-0.778,-0.229,-0.5,-1.0,-0.5,0.0,0.0,-0.5
271,ESPORTSTMNT03_3170239,0,-1.7851,1.3835,-0.5,-0.3,0.0,-0.255,0.227,0.5,-0.5,0.0,-1.0,0.5,0.0,0.0,0.0,0.0,0.0
272,ESPORTSTMNT03_3170253,1,-1.1647,0.9285,0.03,0.417,-0.238,-0.556,0.088,-0.778,-0.167,-1.0,-0.167,0.0,-0.5,0.0,-0.5,0.0,0.0
273,ESPORTSTMNT03_3168381,1,1.0598,-1.3257,-0.714,0.023,0.267,0.5,0.0,-0.3,0.571,0.25,-0.1,0.5,-0.5,-0.5,-0.5,0.5,0.0
274,ESPORTSTMNT03_3170256,1,0.9175,-0.0137,-0.333,-0.125,-0.136,0.25,0.333,0.167,0.0,-0.5,-0.467,-0.75,0.0,0.0,0.5,-0.5,-0.5
275,ESPORTSTMNT03_3169305,1,0.4019,0.4019,0.583,0.133,0.101,-0.055,-0.321,0.3,-0.167,-0.4,-0.067,-0.5,0.0,0.0,1.0,0.0,0.0
276,ESPORTSTMNT03_3170267,1,0.6683,0.0171,0.139,-0.185,-0.017,0.083,-0.429,-0.286,0.067,0.333,0.286,0.0,0.0,0.0,0.0,0.0,0.0
277,ESPORTSTMNT01_3372029,1,-0.3039,-1.4714,-0.115,0.19,0.07,-0.111,0.0,-0.071,0.15,1.0,0.0,0.5,-0.357,-0.04,0.011,0.007,-0.029
278,ESPORTSTMNT01_3373049,0,-1.5788,-0.0277,0.6,-0.857,-0.071,0.329,-0.15,0.273,-0.3,0.1,-0.167,-0.5,0.143,-0.086,0.098,0.075,0.041
279,ESPORTSTMNT01_3372092,1,0.9207,1.2522,0.045,0.475,-0.643,-0.05,0.229,-0.25,0.317,0.167,0.25,0.167,-0.062,0.403,-0.015,-0.5,-0.096
280,ESPORTSTMNT01_3373110,0,0.8043,1.1489,-0.1,-0.667,-0.35,-0.476,-0.088,0.167,-0.667,0.0,-0.378,-0.35,0.029,-0.017,0.292,0.5,-0.079
281,ESPORTSTMNT01_3374638,1,0.3987,-0.3856,-0.267,0.115,-0.538,-0.115,-0.484,0.0,0.5,0.121,-0.286,0.333,-0.359,0.25,0.529,-0.292,-0.333
282,ESPORTSTMNT01_3372716,0,-0.6779,0.6193,0.25,0.0,0.167,0.071,0.317,0.056,-0.25,-0.214,0.0,-0.5,-0.458,-0.011,-0.526,0.1,0.255
283,ESPORTSTMNT01_3373726,1,1.3727,-1.4363,-0.062,-0.171,0.158,-0.012,0.0,0.278,0.667,0.3,0.115,0.1,-0.125,-0.056,-0.156,-0.155,0.167
284,ESPORTSTMNT01_3372768,1,-1.0201,1.0756,0.138,-0.1,0.062,0.042,0.23,-0.667,-0.2,-0.5,-0.333,0.167,-0.067,0.345,0.565,-0.101,0.292
285,ESPORTSTMNT01_3374742,0,0.7304,-0.6032,0.137,0.214,-0.1,0.44,0.268,0.8,1.0,-0.5,0.214,1.0,0.117,-0.295,-0.5,0.181,0.303
286,ESPORTSTMNT01_3376223,0,-0.7811,1.4207,-0.25,0.056,0.02,0.023,0.209,-0.692,-0.875,-0.5,0.2,0.333,0.1,0.087,0.226,-0.149,0.152
287,ESPORTSTMNT01_3376253,0,-0.9891,1.4723,-0.071,-0.603,-0.16,0.259,0.071,-0.278,-0.646,0.0,-0.571,-0.167,-0.123,0.173,-0.339,0.116,-0.048
288,ESPORTSTMNT01_3375285,0,-1.8602,0.4227,0.171,0.25,-0.556,0.071,0.071,-0.386,-0.147,0.0,-1.0,0.0,0.045,0.019,-0.049,0.152,-0.525
289,ESPORTSTMNT01_3375321,0,-1.8959,0.6292,-0.167,0.455,-0.611,-0.02,0.25,0.333,-0.167,-0.556,-1.0,0.0,-0.088,0.184,-0.123,0.136,-0.025
290,ESPORTSTMNT01_3375723,1,0.3481,0.4197,-0.111,-0.298,-0.125,0.533,-0.155,0.278,0.317,-0.35,0.625,-0.667,-0.224,0.096,-0.114,-0.175,-0.19
291,ESPORTSTMNT01_3376707,0,0.104,0.5626,-0.3,-0.438,0.056,-0.078,-0.105,-0.425,0.0,-0.2,-0.333,0.0,0.067,0.085,0.253,-0.039,-0.162
292,ESPORTSTMNT01_3378634,0,-0.6917,0.8327,0.089,0.127,-0.132,0.062,0.0,-0.238,-0.136,-0.733,-0.292,0.0,0.065,-0.19,-0.301,-0.004,-0.193
293,ESPORTSTMNT01_3378674,0,-0.8322,0.9472,0.379,0.467,0.467,0.101,-0.044,-0.125,-0.55,0.0,-0.333,0.0,-0.009,-0.047,-0.123,0.053,0.119
294,ESPORTSTMNT01_3379239,0,-0.8679,0.7927,-0.25,0.229,-0.045,-0.096,-0.5,-0.192,-0.214,0.143,-1.0,-0.214,-0.211,0.0,-0.043,0.004,0.064
295,ESPORTSTMNT01_3380253,0,-1.0051,0.8998,-0.338,0.101,-0.583,0.041,0.111,-0.714,-0.25,-0.208,-0.75,-0.233,-0.238,-0.052,-0.093,0.043,-0.037
296,ESPORTSTMNT01_3380258,1,0.752,-0.9762,-0.4,0.5,-0.615,0.167,0.5,0.3,0.0,0.571,0.0,0.0,0.084,-0.281,-0.127,-0.0,-0.144
297,ESPORTSTMNT01_3381214,0,-1.076,0.8536,0.267,-0.104,0.0,0.214,0.142,0.0,-0.589,-0.292,-0.5,0.214,-0.082,-0.005,-0.01,0.002,0.145
298,ESPORTSTMNT01_3383647,1,-0.6242,-0.8942,0.26,-0.659,0.5,-0.036,0.545,0.171,0.406,0.0,0.5,0.5,0.122,0.031,0.067,-0.083,-0.106
299,ESPORTSTMNT01_3383672,0,-0.7935,-0.644,-0.083,0.075,-0.1,-0.167,-0.012,-0.115,-0.115,0.0,0.333,0.143,0.083,-0.16,-0.318,-0.015,-0.066
300,ESPORTSTMNT01_3382782,1,-0.5342,-0.7847,0.029,-0.5,-0.333,-0.048,0.4,0.333,-0.143,-0.6,0.25,-0.286,-0.036,-0.019,-0.343,0.053,-0.042
301,ESPORTSTMNT01_3384667,0,-0.1676,0.9412,0.095,0.026,-0.071,-0.024,-0.097,-0.568,-0.667,-0.25,-0.312,-0.667,0.094,-0.187,-0.165,-0.046,-0.147
302,ESPORTSTMNT01_3384734,0,-0.3411,1.019,0.056,-0.038,-0.1,-0.058,-0.131,-0.4,-0.682,-0.265,-0.366,-0.75,-0.022,-0.197,0.088,-0.058,-0.159
303,ESPORTSTMNT01_3385158,1,1.2315,-1.6757,0.007,0.0,0.275,0.096,-0.163,0.269,1.0,0.571,0.318,0.75,-0.5,-0.5,0.0,-0.5,0.0
304,ESPORTSTMNT01_3385176,0,-1.6938,1.262,0.137,-0.208,0.132,-0.162,0.122,-0.769,-0.367,0.2,-0.833,-0.8,-0.5,-0.5,-0.5,-0.5,-0.5
305,ESPORTSTMNT01_3387063,1,0.9271,0.6023,-0.062,0.222,0.0,-0.125,-0.385,-0.409,-0.078,-0.4,-0.173,-0.167,0.0,0.083,0.0,0.0,-0.5
306,ESPORTSTMNT01_3387101,0,0.4179,1.0204,-0.029,0.026,-0.071,0.267,-0.01,-0.4,-0.778,-0.048,0.107,0.0,-0.333,0.25,0.5,-0.333,-0.417
307,ESPORTSTMNT01_3385476,1,-0.0976,-1.1832,0.016,0.076,0.247,-0.113,-0.066,0.333,-0.029,0.0,0.389,-0.333,0.5,0.0,0.0,0.0,-1.0
308,ESPORTSTMNT01_3385497,0,-1.262,0.0718,-0.1,-0.346,0.042,0.465,0.06,-0.5,-0.19,0.167,-0.5,-0.5,-0.333,0.0,-0.667,0.167,0.5
309,ESPORTSTMNT01_3387354,1,0.5733,-0.5938,-0.224,0.075,-0.067,-0.1,0.5,-0.125,0.1,0.417,-0.071,0.0,0.0,0.0,-0.5,-0.5,-0.5
310,ESPORTSTMNT01_3386462,0,0.3887,-0.3943,-0.255,0.357,-0.013,0.545,-1.0,0.0,-0.222,0.462,0.833,0.0,0.0,-0.5,0.0,0.0,0.0
311,ESPORTSTMNT01_3387396,1,0.501,-0.5034,0.051,0.527,0.059,0.208,-0.6,0.198,-0.112,-0.5,0.0,0.333,-0.5,-1.0,0.0,0.5,0.0
312,ESPORTSTMNT01_3387569,0,0.2286,1.3007,-0.05,-0.079,0.101,0.105,-0.031,-0.1,0.0,-0.333,0.5,-0.425,0.0,0.0,0.0,0.0,0.0
313,ESPORTSTMNT01_3385750,1,0.3681,1.1371,-0.09,0.412,0.053,0.022,-0.062,-0.333,-0.632,-0.5,-0.333,-0.5,-0.5,0.0,-1.0,-1.0,-1.0
314,ESPORTSTMNT01_3387594,1,1.1926,0.232,0.0,0.228,-0.319,-0.103,0.6,0.0,0.368,0.067,0.133,0.7,-0.333,-0.5,-0.5,0.5,-0.5
315,ESPORTSTMNT01_3385759,0,0.8463,1.1173,0.028,0.045,0.19,0.0,0.115,0.1,-0.3,-0.3,-0.262,-0.5,-0.171,0.5,-0.75,-0.1,0.5
316,ESPORTSTMNT01_3386695,0,0.6844,1.1955,0.15,0.158,-0.375,0.135,0.125,0.0,0.182,0.028,0.25,-0.092,-0.75,0.8,-0.1,0.114,0.095
317,ESPORTSTMNT01_3388081,1,-1.0025,-1.8158,-0.078,0.111,0.156,-0.319,-0.017,-0.5,-0.5,-0.25,-0.5,-0.429,0.0,0.0,0.0,0.0,0.0
318,ESPORTSTMNT01_3386968,1,-1.5767,-1.1848,-0.083,0.116,-0.067,0.167,0.0,-0.033,0.179,0.0,-0.5,0.275,0.5,-0.5,0.5,-1.0,-0.5
319,ESPORTSTMNT01_3388094,0,-1.341,-1.341,-0.185,0.324,-0.03,0.024,-0.4,0.181,-0.15,0.0,-0.667,0.167,0.5,-0.167,-1.0,0.333,0.0
320,ESPORTSTMNT01_3388098,0,-0.9551,0.6809,-0.044,0.019,-0.385,0.286,0.167,-0.524,0.167,0.5,-0.2,-0.5,-0.381,-0.4,0.5,0.0,0.0
321,ESPORTSTMNT01_3386993,0,-1.0315,0.7645,-0.167,-0.167,-0.714,0.167,-0.029,-0.647,0.196,-0.071,-0.2,-0.25,0.5,0.0,-1.0,0.5,0.0
322,ESPORTSTMNT02_3213109,0,0.6036,0.3389,-0.155,-0.192,0.176,0.079,0.457,-0.5,0.0,0.045,-0.476,-0.167,0.25,1.0,-0.333,-0.5,-0.5
323,ESPORTSTMNT02_3215087,0,0.4559,0.4559,-0.138,-0.714,0.11,-0.02,0.562,-0.433,-1.0,-0.5,0.25,0.5,0.029,0.25,-0.5,-0.045,0.0
324,ESPORTSTMNT02_3214098,1,1.3116,-0.0918,0.254,-0.133,0.2,0.196,0.5,0.114,0.184,0.0,0.071,0.5,0.236,-0.256,0.5,0.283,0.238
325,ESPORTSTMNT02_3214136,1,1.3559,-0.2295,-0.286,0.236,0.303,-0.35,0.529,-0.171,0.307,1.0,-0.5,0.571,-0.252,-0.375,0.667,-0.3,-0.042
326,ESPORTSTMNT02_3213439,1,1.3376,-1.0583,-0.232,0.409,-0.052,-0.138,-0.484,-0.214,-0.167,0.55,0.227,0.0,-0.25,0.0,0.167,0.125,0.4
327,ESPORTSTMNT02_3213452,0,-1.1106,1.3609,-0.379,-0.435,-0.142,-0.5,0.417,-0.227,-0.5,-0.625,0.5,0.0,0.5,0.0,-0.5,0.0,0.0
328,ESPORTSTMNT02_3215424,0,-1.2949,-0.3552,0.565,0.249,-0.283,-0.028,-0.4,-0.545,-0.333,-0.167,0.0,0.5,0.5,-0.467,0.333,-0.5,-0.333
329,ESPORTSTMNT02_3214430,1,-1.0945,-0.4945,0.058,-0.188,-0.34,0.417,0.0,-0.119,0.1,-0.75,0.167,0.167,0.667,-0.167,-0.5,0.5,-0.5
330,ESPORTSTMNT02_3214449,0,-0.6199,-0.9064,-0.161,-0.515,-0.029,0.008,0.579,-0.188,-0.125,1.0,1.0,0.667,0.0,0.0,0.0,0.0,0.0
331,ESPORTSTMNT02_3216219,1,1.3656,-1.3527,-0.051,-0.286,0.202,0.278,0.3,0.833,0.633,0.833,0.5,0.278,0.0,0.0,-0.167,0.167,0.167
332,ESPORTSTMNT02_3213761,0,-1.3926,1.3834,-0.136,0.263,0.122,0.205,-0.3,0.438,-0.518,-0.357,-0.125,-1.0,0.5,0.5,-0.5,-0.5,-0.5
333,ESPORTSTMNT02_3213774,1,0.7572,0.304,0.1,0.034,0.307,-0.071,-0.405,-0.167,0.1,-0.25,0.0,0.5,-0.167,0.0,-0.5,0.25,-0.8
334,ESPORTSTMNT02_3216293,0,0.1845,0.8394,0.265,0.149,0.292,0.3,-0.314,0.179,-0.071,-0.5,-0.818,0.0,0.0,0.0,0.0,0.0,0.0
335,ESPORTSTMNT02_3214964,1,-0.9646,-0.9646,0.034,0.028,-0.452,0.054,0.015,-0.142,0.056,0.182,-0.25,0.667,0.0,0.167,0.0,0.0,0.0
336,ESPORTSTMNT02_3214984,1,-0.8006,-1.0571,-0.129,-0.541,0.203,-0.1,0.042,0.0,-0.6,0.571,-0.308,-0.25,-0.5,-0.75,0.167,-0.25,-1.0
337,ESPORTSTMNT02_3216537,1,-0.8983,-0.8983,-0.201,0.086,0.154,0.279,-0.086,0.0,-0.055,-0.333,0.286,0.6,-0.1,-0.5,0.25,-0.429,0.0
338,ESPORTSTMNT02_3217044,1,-0.1185,-0.742,-0.083,0.038,-0.06,0.309,0.25,0.0,0.647,-0.5,0.75,1.0,0.056,0.0,-0.205,0.2,0.1
339,ESPORTSTMNT02_3217077,0,-0.827,0.024,-0.533,0.106,-0.127,0.167,0.333,0.253,-0.346,0.0,0.25,0.2,0.0,-0.5,-0.6,0.154,-0.185
340,ESPORTSTMNT02_3217234,1,1.386,0.2769,0.136,0.041,-0.221,0.045,0.019,0.171,-0.5,-0.15,0.125,0.227,0.0,1.0,0.5,0.167,-0.5
341,ESPORTSTMNT02_3216741,0,0.1591,1.4246,-0.12,0.537,-0.02,-0.327,-0.367,-0.292,-0.167,0.333,-0.291,0.0,0.167,-0.5,-0.5,-0.5,0.0
342,ESPORTSTMNT02_3217260,0,0.6969,-1.2719,0.005,0.241,-0.062,0.0,0.071,0.69,0.0,0.1,0.5,0.357,0.0,0.0,0.0,0.0,0.0
343,ESPORTSTMNT02_3218220,1,0.7659,-1.3206,0.105,-0.131,0.0,-0.122,-0.292,0.55,0.146,0.3,-0.5,0.571,-0.5,-0.5,0.0,1.0,-0.5
344,ESPORTSTMNT02_3216786,0,-1.3615,0.8247,-0.148,-0.159,-0.013,0.0,0.208,-0.59,-0.601,-0.833,-0.4,-0.625,0.0,-0.2,-1.0,-0.5,-0.667
345,ESPORTSTMNT02_3219173,1,0.2589,-0.0965,-0.118,0.007,0.062,0.103,0.115,-0.5,0.0,0.667,0.3,0.667,-0.333,0.35,-0.5,-0.1,-0.857
346,ESPORTSTMNT02_3217733,1,0.3528,-0.2126,0.047,0.193,-0.06,-0.143,-0.097,-0.015,0.714,0.429,0.0,-0.167,-0.381,0.333,0.083,-0.038,0.0
347,ESPORTSTMNT02_3217738,1,-0.7582,0.7002,-0.094,0.144,0.295,0.038,-0.357,-0.277,0.417,0.125,-0.5,-0.5,-0.252,0.029,-0.8,0.336,0.292
348,ESPORTSTMNT02_3217759,0,0.5782,-0.6228,0.044,0.222,0.213,0.319,-0.1,0.5,0.389,-0.1,0.5,0.25,0.071,0.278,0.067,-0.333,0.737
349,ESPORTSTMNT02_3219287,0,-1.4608,0.2594,-0.05,0.083,-0.162,0.162,0.06,-0.75,0.5,-0.267,-0.333,-0.333,0.5,0.0,0.0,0.5,0.5
350,ESPORTSTMNT02_3219293,0,-1.4981,0.3471,-0.168,0.2,-0.171,-0.015,-0.208,-0.388,0.4,-0.196,-0.714,-0.5,0.167,0.5,0.0,0.0,-0.25
351,ESPORTSTMNT02_3217854,0,-0.9175,1.4765,-0.429,-0.086,0.231,0.062,0.036,-1.0,-0.5,-0.143,-0.5,-0.25,0.071,0.0,0.55,-0.056,-0.333
352,ESPORTSTMNT02_3219312,0,-0.9728,1.4891,0.058,-0.067,0.193,-0.137,-0.044,-0.5,-0.824,-0.217,-0.5,-0.167,0.1,0.8,0.381,-0.045,0.15
353,ESPORTSTMNT02_3217904,0,-0.9574,1.4199,-0.107,0.092,-0.157,0.061,-0.186,-0.402,-0.214,-0.889,-0.667,-0.3,0.5,1.0,-0.5,-0.667,-0.5
354,ESPORTSTMNT02_3218856,0,-1.0059,1.4359,-0.179,0.062,-0.452,0.026,-0.075,-0.365,-0.299,-0.528,-0.688,0.042,-0.5,-0.5,0.5,0.0,-0.5
355,ESPORTSTMNT02_3217922,1,0.4247,-0.6426,-0.079,0.265,0.068,-0.1,-0.103,0.132,0.727,0.333,0.833,0.5,0.0,0.0,-0.5,-0.5,0.5
356,ESPORTSTMNT02_3217939,0,-0.7048,0.4929,0.068,-0.195,0.295,-0.233,0.167,-0.333,0.0,-0.3,-0.667,0.5,0.5,0.0,0.0,-0.5,-0.5
357,ESPORTSTMNT02_3217961,0,0.431,1.4697,-0.189,0.116,-0.133,-0.024,0.444,0.048,-0.167,-0.5,-0.4,0.231,0.0,0.0,0.0,0.0,0.0
358,ESPORTSTMNT02_3217972,1,1.5012,0.3342,-0.25,-0.162,0.094,-0.075,-0.036,-0.024,0.286,0.357,0.333,0.786,0.0,-0.5,1.0,-0.5,0.5
359,ESPORTSTMNT02_3217976,1,-1.2317,-1.0074,-0.209,0.212,-0.277,-0.295,-0.132,-0.111,-0.357,-0.625,0.333,-0.333,-0.5,-0.5,0.0,0.0,0.5
360,ESPORTSTMNT02_3219429,0,-1.0917,-1.0917,-0.195,-0.101,-0.21,-0.014,-0.186,0.5,-0.333,-0.571,0.5,0.25,0.0,0.0,-0.5,0.5,0.0
361,ESPORTSTMNT02_3218962,1,1.4724,-1.0768,0.029,-0.011,0.308,-0.043,0.0,0.403,0.167,1.0,0.706,0.5,0.0,0.0,0.0,0.0,0.0
362,ESPORTSTMNT02_3218971,0,-1.116,1.4836,-0.051,0.0,-0.033,-0.02,-0.062,-0.456,-0.192,-0.4,-0.8,-0.095,-0.5,-0.5,0.5,-0.5,0.5
363,ESPORTSTMNT02_3219458,0,-0.3044,0.429,0.072,-0.172,-0.145,-0.038,0.125,-0.119,-0.25,-0.167,-0.167,0.5,-1.0,-0.5,0.0,0.5,0.0
364,ESPORTSTMNT02_3220043,0,-0.3947,0.5004,-0.014,0.196,0.043,0.02,-0.28,-0.267,0.037,-0.167,-0.417,-0.1,0.5,1.0,0.5,0.5,0.0
365,ESPORTSTMNT02_3221133,0,-1.086,0.559,-0.147,-0.095,-0.468,-0.062,0.071,-0.206,-0.75,0.25,0.5,-0.5,0.0,0.5,-1.0,-0.667,-0.333
366,ESPORTSTMNT02_3219628,1,0.6121,-1.1242,-0.511,0.124,0.363,0.102,0.074,0.214,0.083,0.607,0.0,-0.5,-0.333,-0.5,-1.0,0.1,0.167
367,ESPORTSTMNT02_3219631,1,1.466,-1.0643,0.5,-0.17,-0.001,0.025,-0.045,1.0,0.644,0.356,0.8,0.25,-0.3,0.114,0.0,0.125,0.333
368,ESPORTSTMNT02_3221167,0,-1.0989,1.4733,-0.147,0.0,-0.249,0.419,-0.122,-0.397,-0.342,-0.625,-0.5,-0.55,-0.143,0.25,-0.25,0.333,-0.225
369,ESPORTSTMNT02_3219719,0,0.3943,1.4484,-0.5,-0.201,0.204,-0.06,-0.288,-0.857,0.308,-0.209,-0.222,-0.5,-0.5,0.5,0.0,0.0,0.5
370,ESPORTSTMNT02_3219737,1,0.4744,1.3518,0.045,-0.224,-0.375,-0.177,0.03,-0.367,-0.214,-0.164,-0.857,-0.5,-0.5,-0.5,-0.5,0.75,0.0
371,ESPORTSTMNT02_3219742,1,1.3838,0.389,-0.143,-0.126,0.187,0.134,-0.339,0.133,0.167,0.083,0.625,0.0,0.25,-0.5,0.5,-0.714,-0.5
372,ESPORTSTMNT02_3219750,1,-0.9264,-0.4584,0.167,0.296,0.029,-0.062,-0.206,-0.271,0.051,-0.269,0.25,-0.5,-0.114,-0.1,0.5,-0.288,-0.333
373,ESPORTSTMNT02_3219771,1,-0.3395,-0.9857,-0.185,-0.086,0.128,0.583,0.175,0.17,-0.018,0.381,0.2,0.167,-0.214,-0.727,-0.333,-0.088,0.083
374,ESPORTSTMNT02_3221300,1,-0.87,-0.4286,0.216,0.357,0.027,0.133,0.068,-0.332,0.022,0.056,0.25,-0.5,-0.238,0.571,-0.206,0.474,0.115
375,ESPORTSTMNT02_3220410,1,0.3985,-1.1789,0.167,0.189,0.148,-0.17,-0.111,0.1,0.59,-0.4,0.0,0.3,0.0,0.5,-1.0,0.0,0.333
376,ESPORTSTMNT02_3219847,1,0.4602,-1.2122,-0.333,-0.192,-0.158,-0.131,0.037,-0.5,0.833,-0.5,0.571,0.167,-0.5,-1.0,-0.167,-0.167,-0.6
377,ESPORTSTMNT02_3220426,0,-0.7405,1.5141,-0.039,0.114,-0.104,-0.095,-0.292,-0.3,0.0,-0.556,-0.5,-0.312,0.0,0.0,0.5,0.5,1.0
378,ESPORTSTMNT02_3220450,0,-0.7875,1.5216,-0.518,-0.114,-0.268,-0.065,0.065,-1.0,-0.35,-0.45,-0.524,0.1,0.5,0.0,-0.5,0.0,-0.5
379,ESPORTSTMNT02_3220488,0,-0.4965,-0.9837,0.159,-0.417,0.16,-0.141,0.183,0.286,-0.218,0.025,0.75,1.0,0.0,0.0,0.0,0.0,0.0
380,ESPORTSTMNT02_3219915,0,-0.5757,-0.8703,0.133,0.263,0.326,-0.167,-0.021,-0.25,-0.321,0.114,-0.3,0.167,-1.0,0.0,0.0,-0.5,0.5
381,ESPORTSTMNT02_3219921,0,0.2782,-0.7667,-0.046,-0.201,0.016,-0.355,-0.129,0.153,0.167,0.483,-1.0,0.467,0.25,-0.1,-0.5,0.167,0.238
382,ESPORTSTMNT02_3219940,1,0.3401,-0.8146,0.194,0.099,-0.192,0.08,0.063,0.47,0.167,0.402,0.322,0.25,0.0,0.0,0.0,0.75,-0.636
383,ESPORTSTMNT02_3220527,0,-0.859,0.3975,-0.101,0.135,-0.017,0.194,-0.139,-0.524,-0.214,-0.212,0.778,0.3,0.0,0.0,0.0,0.0,0.0
384,ESPORTSTMNT02_3221546,1,0.6731,0.3635,-0.085,0.341,-0.04,-0.082,-0.16,-0.214,0.144,-0.5,0.583,-0.071,0.0,0.0,0.0,0.0,0.0
385,ESPORTSTMNT02_3222016,0,0.279,0.7266,-0.339,0.368,-0.175,-0.147,0.147,-0.3,0.236,0.0,0.125,-0.5,0.0,0.5,0.0,-0.5,-1.0
386,ESPORTSTMNT02_3220608,1,1.387,-0.8574,-0.233,-0.208,0.149,0.171,0.272,0.2,0.846,0.673,0.639,0.818,-0.667,-1.0,0.0,0.35,-0.133
387,ESPORTSTMNT02_3221581,1,-0.7629,1.3107,0.086,0.163,-0.333,-0.112,-0.238,-0.227,-0.857,-0.278,-0.65,-0.7,0.25,0.75,0.071,-0.125,0.067
388,ESPORTSTMNT02_3221591,1,1.3262,-0.8061,0.407,-0.088,-0.476,0.181,0.203,0.667,0.8,0.679,0.618,0.303,0.0,-0.5,0.5,0.0,0.0
389,ESPORTSTMNT02_3221775,0,0.6556,1.362,-0.183,0.29,-0.115,-0.003,0.1,0.19,-0.35,-0.333,0.333,0.2,0.0,0.0,0.0,0.0,0.0
390,ESPORTSTMNT02_3222220,0,0.575,1.393,-0.257,0.137,-0.267,0.338,-0.082,-0.318,-0.312,-0.155,-0.032,0.0,0.0,0.0,0.0,0.0,0.0
391,ESPORTSTMNT02_3220839,0,-0.9087,0.4856,-0.219,0.264,-0.022,0.032,0.107,-0.208,-0.1,0.0,-0.8,-0.433,0.0,0.0,0.0,0.0,0.0
392,ESPORTSTMNT02_3220856,0,-0.9487,0.5336,0.234,0.372,-0.117,-0.073,-0.078,-0.375,-0.167,-0.158,-0.3,-0.071,0.0,0.0,0.0,0.0,0.0
393,ESPORTSTMNT02_3221852,0,-0.6099,1.5734,0.211,-0.122,-0.122,-0.083,0.069,-0.659,-1.0,-0.536,-0.2,0.0,0.0,0.0,0.0,0.0,0.0
394,ESPORTSTMNT02_3220910,1,1.5803,-0.6604,0.536,-0.081,0.25,-0.097,0.045,0.778,0.417,0.333,0.533,1.0,0.0,0.0,0.0,0.0,0.0
395,ESPORTSTMNT02_3221863,0,-0.8333,-1.0713,-0.189,-0.148,0.138,0.18,0.078,0.371,-0.154,0.303,0.5,0.5,0.0,0.0,0.0,0.0,0.0
396,ESPORTSTMNT02_3222295,1,-0.7366,-1.1237,-0.305,-0.166,-0.152,0.151,-0.1,0.227,-0.048,-0.75,-0.333,0.129,0.0,0.0,0.0,0.0,0.0
397,ESPORTSTMNT02_3222301,1,-1.0193,-0.8001,0.07,-0.145,0.021,0.029,0.11,-0.75,-0.3,-0.4,-0.75,0.333,0.0,0.0,0.0,0.0,0.0
398,ESPORTSTMNT02_3221896,1,-0.7657,0.4787,-0.2,0.0,0.014,-0.08,0.131,-0.479,0.5,0.5,-0.583,-0.167,0.0,0.0,0.0,0.0,0.0
399,ESPORTSTMNT02_3220950,1,0.5288,-0.8087,-0.166,0.086,0.095,-0.018,-0.253,0.033,0.478,0.581,0.237,0.071,0.0,0.0,0.0,0.0,0.0
400,ESPORTSTMNT02_3222337,0,-0.8489,0.5741,0.124,-0.075,0.261,0.222,-0.085,-0.464,-0.5,0.167,-0.071,-0.167,0.0,0.0,0.0,0.0,0.0
401,ESPORTSTMNT02_3220958,1,0.5771,0.205,-0.127,-0.045,0.178,0.088,0.149,0.0,-0.667,0.333,-0.133,-0.477,0.0,0.0,0.0,-0.5,-0.5
402,ESPORTSTMNT02_3221926,0,0.1293,0.6252,-0.098,0.338,-0.187,0.148,-0.122,-0.139,0.188,-0.062,-0.164,0.167,0.0,0.0,0.0,0.0,0.0
403,ESPORTSTMNT02_3220999,0,1.5284,1.4278,0.112,0.131,0.201,-0.032,-0.065,-0.113,0.2,0.357,0.0,0.286,0.0,0.0,0.0,0.0,0.0
404,ESPORTSTMNT02_3221956,0,1.4559,1.4742,-0.162,-0.021,-0.163,-0.085,0.214,-0.003,0.2,-0.271,0.042,-0.01,0.0,0.0,0.0,0.0,0.0
405,ESPORTSTMNT02_3221958,1,-0.9228,-0.7697,0.108,0.006,0.179,-0.142,0.015,-0.196,-0.033,0.417,0.114,0.167,0.0,0.0,0.0,0.0,0.0
406,ESPORTSTMNT02_3222394,1,-0.6659,-0.9794,-0.015,0.167,-0.16,-0.087,-0.15,0.0,0.222,-0.417,0.667,0.1,0.0,0.0,0.0,0.0,0.0
407,ESPORTSTMNT02_3221974,1,-0.8827,-0.732,-0.432,-0.033,-0.188,-0.036,0.126,-0.192,0.429,0.145,-0.214,-0.636,0.0,0.0,0.0,0.0,0.0
408,ESPORTSTMNT02_3224004,0,0.0548,-0.7911,-0.06,-0.288,-0.19,0.028,-0.112,0.327,0.157,-0.278,0.417,0.425,0.0,0.0,0.0,0.0,0.0
409,ESPORTSTMNT02_3223058,1,0.1259,-0.8357,-0.351,0.143,0.004,0.072,0.045,0.067,0.203,0.0,-0.119,0.4,0.0,0.0,0.0,0.0,0.0
410,ESPORTSTMNT02_3222438,1,-0.75,0.0506,-0.604,0.081,0.232,-0.102,0.02,-0.115,0.333,0.316,0.0,0.444,0.0,0.0,0.0,0.0,0.0
411,ESPORTSTMNT02_3223070,1,-0.9333,-0.9177,-0.041,0.091,0.028,0.075,0.051,-0.5,-0.375,0.044,0.524,-0.1,0.0,0.0,0.0,0.0,0.0
412,ESPORTSTMNT02_3223073,0,-0.9763,-0.8299,0.071,0.394,-0.179,-0.087,0.227,-1.0,-0.214,0.167,-0.583,-0.056,0.0,0.0,0.0,0.0,0.0
413,ESPORTSTMNT06_2823450,1,1.4993,-0.872,-0.09,0.109,0.205,0.333,0.082,0.833,0.042,0.529,0.3,0.25,0.5,0.5,-0.5,0.0,1.0
414,ESPORTSTMNT06_2821430,0,-0.9102,1.5084,0.074,-0.054,-0.229,0.0,0.137,-0.846,0.167,-0.556,0.188,-0.607,-1.0,1.0,-0.5,-0.5,0.5
415,ESPORTSTMNT06_2823458,0,-0.8014,1.5011,-0.047,0.061,-0.037,0.235,0.152,0.526,-0.5,-0.513,-0.273,-0.5,0.5,-0.5,0.333,0.0,-0.238
416,ESPORTSTMNT06_2823467,0,-0.8419,1.51,-0.092,0.111,-0.287,-0.041,0.07,-0.324,-0.5,-0.75,-0.183,-0.4,-0.19,-0.5,0.0,-0.25,0.5
417,ESPORTSTMNT03_3197780,1,0.1136,-0.9746,0.092,0.036,0.192,0.116,0.148,0.47,0.214,0.05,0.107,0.0,0.5,-0.5,0.0,0.5,0.0
418,ESPORTSTMNT03_3195856,0,0.0425,-0.8877,0.151,-0.019,0.061,-0.03,0.1,-0.056,-0.25,0.067,-0.25,0.5,-1.0,1.0,-0.5,1.0,0.0
419,ESPORTSTMNT03_3196827,0,-0.0262,-0.804,0.096,0.163,0.254,0.076,-0.107,-0.056,0.333,0.0,0.589,0.167,-1.0,-0.167,-0.083,0.5,0.25
420,ESPORTSTMNT03_3195868,1,0.688,-0.9492,0.086,0.134,-0.035,0.122,0.072,0.619,0.167,0.138,0.143,0.667,0.0,0.0,0.667,0.333,-0.429
421,ESPORTSTMNT03_3197839,0,-0.9839,0.7248,0.237,0.344,0.017,-0.138,-0.139,-0.143,0.0,-0.333,-0.25,-0.381,-1.0,0.0,-0.5,-0.4,-0.222
422,ESPORTSTMNT03_3195975,1,0.6325,-0.8904,-0.124,0.088,0.168,0.237,0.163,0.024,1.0,0.8,0.433,0.5,0.0,0.0,0.0,-0.5,0.0
423,ESPORTSTMNT03_3196972,1,0.672,-0.9272,0.108,0.511,0.345,0.265,0.194,0.289,0.25,1.0,0.524,1.0,-0.5,-0.5,0.5,0.5,0.5
424,ESPORTSTMNT03_3198004,0,-0.79,-0.794,-0.09,-0.041,0.18,0.1,0.137,-0.571,0.067,-0.094,0.273,0.267,0.0,0.5,0.0,0.0,0.0
425,ESPORTSTMNT03_3196998,0,-0.8397,-0.7076,0.168,0.096,0.15,0.165,0.212,0.0,-0.083,0.167,0.417,0.25,0.0,0.0,0.0,0.0,0.0
426,ESPORTSTMNT03_3199067,1,1.4954,-0.0934,0.069,0.112,0.333,0.194,0.169,0.5,0.5,1.0,-0.042,0.359,0.0,0.0,0.0,0.0,0.0
427,ESPORTSTMNT03_3199084,0,-0.1461,1.51,-0.123,0.521,-0.088,0.114,0.21,-0.215,-0.239,-0.375,-0.167,-0.657,-0.5,0.0,-0.5,0.0,-0.5
428,ESPORTSTMNT03_3200068,0,-0.8199,0.7471,-0.135,0.021,-0.154,0.106,-0.066,-0.3,0.0,0.078,-0.2,-0.625,-0.667,-0.5,0.0,0.0,0.167
429,ESPORTSTMNT03_3199115,0,-0.8535,0.7794,-0.147,0.088,-0.019,0.264,-0.02,-0.364,0.4,-0.114,0.333,-0.5,-0.8,-0.25,0.0,0.5,0.5
430,ESPORTSTMNT03_3200187,0,-1.007,-0.737,-0.188,0.221,-0.024,0.12,0.118,-0.25,0.233,0.667,-0.375,-0.214,0.0,0.0,0.0,0.0,0.0
431,ESPORTSTMNT03_3199206,1,-0.923,-0.7874,0.049,0.14,-0.053,0.061,-0.189,0.026,-0.167,0.071,0.056,-0.15,0.0,0.0,-1.0,-0.5,-0.5
432,ESPORTSTMNT03_3199211,0,-0.8363,-0.8422,0.168,-0.071,-0.336,0.11,-0.123,-0.07,0.0,-0.625,0.056,-0.083,-0.333,0.0,0.0,-0.667,1.0
433,ESPORTSTMNT03_3198239,1,1.4769,0.5882,0.071,-0.001,0.059,0.182,-0.284,0.357,-0.143,-0.286,0.5,-0.3,0.667,0.0,1.0,0.5,0.167
434,ESPORTSTMNT03_3199251,0,0.5202,1.5018,0.048,0.136,-0.146,0.029,0.125,-0.089,0.333,-0.227,0.222,-0.167,-0.5,0.0,0.0,-0.5,-0.5
435,ESPORTSTMNT01_3404937,1,-0.0882,-0.982,-0.549,-0.088,0.292,-0.021,0.06,0.367,-0.5,0.667,0.375,0.444,0.0,0.0,0.0,0.0,0.0
436,ESPORTSTMNT01_3404962,1,-0.0284,-1.0197,-0.043,-0.07,0.32,0.002,0.036,0.875,0.143,0.75,-0.121,0.5,0.0,0.0,0.0,0.0,0.0
437,ESPORTSTMNT01_3405926,0,-0.8674,0.553,0.152,-0.056,0.007,0.217,0.077,-0.778,-0.417,-0.75,0.556,-0.583,-0.5,-0.5,0.0,0.5,0.5
438,ESPORTSTMNT01_3405949,1,0.59,-0.8992,0.118,0.074,0.006,-0.481,0.029,0.409,-0.167,-0.167,-0.5,0.6,1.0,0.5,-0.5,0.0,-0.5
439,ESPORTSTMNT01_3408162,1,-0.7862,-0.8617,-0.01,-0.107,-0.305,0.1,0.152,0.072,-0.312,0.167,-0.15,-0.6,0.571,-0.133,0.625,0.0,0.333
440,ESPORTSTMNT01_3408177,0,-0.9038,-0.7142,-0.135,0.134,0.192,-0.031,0.079,0.114,-0.133,0.238,-0.477,0.25,-0.083,0.19,0.0,0.333,0.125
441,ESPORTSTMNT01_3407230,0,0.7023,1.4938,-0.009,-0.158,-0.018,0.114,-0.008,-0.088,0.214,-0.139,0.141,-0.05,-0.857,0.25,-0.222,0.045,-0.167
442,ESPORTSTMNT01_3408206,0,0.6398,1.5176,-0.034,0.021,0.244,-0.097,0.123,-0.375,-0.2,0.667,-0.583,-0.615,-0.45,0.212,-0.625,0.094,0.167
443,ESPORTSTMNT01_3407478,1,0.0294,-0.7454,-0.114,-0.032,-0.033,-0.111,-0.17,0.056,-0.15,0.237,-0.244,-0.25,0.0,0.0,0.0,0.0,0.0
444,ESPORTSTMNT01_3408461,0,-0.7868,0.0817,-0.272,-0.039,-0.188,0.02,-0.104,-0.189,-0.444,0.5,0.0,-0.071,0.0,0.0,0.0,0.0,0.0
445,ESPORTSTMNT01_3407530,1,0.1317,-0.825,-0.064,0.188,-0.533,0.074,0.103,-0.5,0.165,0.079,0.267,0.117,0.0,0.0,0.0,0.0,0.0
446,ESPORTSTMNT01_3409439,1,-0.8368,1.4285,-0.011,-0.214,-0.027,-0.017,0.027,-0.125,-0.625,-0.444,-0.273,-0.365,0.0,0.5,0.0,1.0,-0.5
447,ESPORTSTMNT01_3408510,1,1.4386,-0.8673,0.603,-0.014,0.104,-0.106,-0.074,0.1,0.538,0.46,0.346,0.286,-0.5,0.0,0.0,-0.5,-1.0
448,ESPORTSTMNT01_3408529,0,-0.8952,1.4469,0.059,0.08,-0.33,0.0,-0.065,-0.449,-0.633,-1.0,0.0,-0.4,0.0,0.0,0.0,0.5,0.0
449,ESPORTSTMNT01_3409605,0,0.5364,0.6821,0.204,-0.011,0.072,-0.072,0.121,0.737,-0.042,0.278,-0.033,1.0,0.27,0.133,0.143,0.016,-0.333
450,ESPORTSTMNT01_3408676,0,0.4756,0.7207,0.002,0.078,0.232,-0.132,-0.028,-0.098,-0.286,0.389,0.115,-0.167,0.0,0.0,0.0,0.0,0.0
451,ESPORTSTMNT01_3409629,1,-0.8307,1.4734,0.149,0.04,0.147,-0.071,-0.078,-0.515,-0.136,0.0,-0.636,-0.8,0.0,0.0,0.0,0.0,0.0
452,ESPORTSTMNT01_3407785,0,1.4196,-0.7709,-0.112,0.167,0.168,0.065,0.148,0.2,-0.5,0.778,0.4,0.667,0.0,0.0,0.0,0.0,0.0
453,ESPORTSTMNT01_3409937,1,-0.6555,-1.0989,0.17,0.015,0.048,-0.037,0.069,0.333,0.333,0.095,-0.178,0.556,0.5,-0.5,0.5,0.0,1.0
454,ESPORTSTMNT01_3409963,0,-1.1402,-0.5846,-0.168,-0.215,-0.249,0.017,-0.093,0.08,0.2,-0.333,0.081,-0.6,0.0,0.0,0.0,0.0,0.0
455,ESPORTSTMNT01_3411014,1,1.5226,-0.9014,0.274,0.065,0.026,0.013,-0.061,-0.083,0.592,0.417,0.429,0.5,0.0,0.0,0.0,0.0,0.0
456,ESPORTSTMNT01_3410111,0,-0.932,1.5299,-0.006,-0.227,0.29,0.03,0.154,0.1,0.196,0.167,0.0,0.0,0.0,0.0,0.0,0.0,0.0
457,ESPORTSTMNT01_3410511,1,0.7731,-0.6095,0.143,0.094,-0.18,0.476,0.031,0.423,0.25,0.079,0.136,0.667,1.0,0.0,0.333,-0.25,-0.75
458,ESPORTSTMNT01_3411490,0,-0.6443,0.8012,0.179,-0.129,-0.375,0.484,-0.028,-0.119,-0.444,-0.407,0.071,-0.45,-0.214,-0.25,0.5,0.0,0.5
459,ESPORTSTMNT01_3412431,0,-0.6785,0.8285,-0.163,0.158,-0.301,-0.022,-0.045,-0.5,-0.5,-0.25,-0.394,-0.527,0.0,0.0,0.0,0.0,0.0
460,ESPORTSTMNT01_3410713,0,0.4227,0.1994,0.159,0.001,0.096,0.035,0.152,-0.3,0.128,-0.3,0.078,-0.6,0.0,0.0,0.0,0.0,0.0
461,ESPORTSTMNT01_3410723,1,0.4656,0.1447,-0.182,-0.012,0.074,0.022,0.203,-0.114,0.029,-0.405,-0.042,-0.4,0.5,-1.0,-1.0,-1.0,-0.5
462,ESPORTSTMNT01_3410725,1,0.1945,0.408,0.075,0.042,-0.52,0.169,-0.101,0.625,0.25,0.5,0.161,0.25,0.0,0.0,0.0,0.0,0.0
463,ESPORTSTMNT01_3411711,0,0.3512,0.2416,-0.125,-0.006,-0.199,-0.032,-0.046,-0.667,-0.533,-0.157,-0.043,0.083,-0.5,0.5,0.0,-0.167,0.167
464,ESPORTSTMNT01_3412825,1,1.5329,0.1932,0.03,0.019,0.064,-0.135,-0.052,0.167,0.211,-0.25,0.133,0.135,-0.55,-0.088,0.0,-0.8,-0.1
465,ESPORTSTMNT01_3412846,1,0.2433,1.4782,-0.159,-0.107,0.17,0.167,0.072,-0.596,0.28,-0.895,-0.071,-0.548,0.0,0.135,0.333,0.071,0.121
466,ESPORTSTMNT01_3412852,0,1.4226,0.2913,0.13,-0.088,0.187,-0.065,-0.457,0.233,0.636,0.286,0.054,-0.167,0.0,0.108,0.45,-0.444,-0.125
467,ESPORTSTMNT01_3410923,1,1.4402,0.245,0.004,0.031,-0.08,-0.279,0.084,-0.185,0.444,0.5,-0.545,0.05,-0.16,0.6,-0.156,0.375,-0.167
468,ESPORTSTMNT01_3410933,1,0.2918,1.3867,-0.053,-0.03,-0.084,0.023,0.069,-0.393,-0.083,-0.273,-0.436,0.042,0.0,-0.143,-0.136,-0.667,0.369
469,ESPORTSTMNT01_3412987,1,1.4778,0.8231,0.167,0.017,-0.25,-0.054,-0.124,-0.571,0.098,0.036,0.25,0.393,0.0,0.0,0.0,0.0,0.0
470,ESPORTSTMNT01_3415015,1,1.5035,0.7666,-0.112,0.029,-0.102,-0.02,-0.117,0.333,0.199,-0.267,-0.026,-0.167,-0.5,0.5,-1.0,0.5,0.0
471,ESPORTSTMNT01_3415025,0,0.7116,1.5271,0.122,-0.086,0.208,-0.001,0.061,-0.237,-0.194,-0.103,-0.318,-0.167,0.0,-0.5,-0.5,0.1,-0.667
472,ESPORTSTMNT01_3415148,1,1.544,0.2625,0.192,-0.059,0.196,-0.051,0.031,0.382,-0.364,-0.072,0.157,0.102,0.0,0.0,0.0,0.0,0.0
473,ESPORTSTMNT01_3415168,1,0.3101,1.49,0.042,0.045,0.157,-0.003,-0.105,-0.175,-0.364,-0.069,-0.199,-0.222,-0.5,0.0,-0.5,-0.5,-0.5
474,ESPORTSTMNT01_3413257,0,1.4341,0.3569,-0.145,0.046,0.018,-0.014,-0.038,-0.164,0.071,-0.214,0.131,0.429,0.0,-0.5,0.0,-0.5,0.0
475,ESPORTSTMNT01_3413260,1,1.4538,0.3113,0.333,0.034,0.171,-0.49,0.1,0.5,0.017,0.28,0.237,0.467,0.0,-1.0,0.167,-0.5,0.0
476,ESPORTSTMNT01_3415182,0,0.2683,1.4712,0.109,0.048,-0.191,0.058,0.032,-0.306,0.0,-0.308,-0.417,-0.119,-0.167,0.0,-0.75,-1.0,-0.667
477,ESPORTSTMNT01_3415276,1,1.4786,0.6885,-0.251,-0.082,-0.254,-0.021,0.109,-0.429,0.35,-0.071,0.341,0.333,0.0,0.0,0.0,0.0,0.0
478,ESPORTSTMNT01_3413370,0,0.6353,1.5015,-0.013,0.023,0.083,0.008,-0.3,0.367,-0.357,-0.1,-0.157,-0.5,0.0,-0.5,0.5,0.5,0.0
479,ESPORTSTMNT01_3415307,0,0.5836,1.5227,0.078,0.114,-0.129,0.008,0.079,-0.156,0.5,-0.355,-0.215,-0.576,0.0,0.0,0.0,-1.0,0.5
480,ESPORTSTMNT01_3416038,1,0.3278,1.4727,0.044,0.051,0.1,0.006,0.033,0.233,-0.276,-0.333,-0.157,-0.5,-0.1,0.316,0.0,0.218,0.0
481,ESPORTSTMNT01_3416073,0,1.4231,0.3704,0.054,0.023,0.135,0.006,-0.001,-0.064,0.125,0.231,0.155,0.179,-0.1,0.238,0.455,-0.071,-0.615
482,ESPORTSTMNT01_3416074,1,1.4421,0.3292,-0.105,-0.125,0.407,0.041,-0.034,-0.33,0.333,0.167,0.066,0.036,-0.143,0.071,0.5,-0.238,-0.643
483,ESPORTSTMNT01_3416088,0,0.2866,1.4595,0.058,0.048,0.294,-0.002,-0.004,-0.25,-0.333,-0.467,-0.106,-0.2,-0.25,-0.1,0.1,-0.125,0.267
484,ESPORTSTMNT01_3415991,1,0.329,1.4128,0.183,-0.155,0.221,0.017,-0.039,0.043,0.0,-0.477,-0.116,-0.312,0.636,0.556,-0.167,0.222,0.088
485,ESPORTSTMNT01_3418098,1,1.5591,0.2888,-0.476,-0.056,0.318,0.025,-0.192,-0.278,0.205,0.0,-0.107,-0.12,0.3,0.55,0.5,-0.5,0.0
486,ESPORTSTMNT01_3417138,0,0.2502,1.5753,-0.052,0.045,-0.636,-0.043,0.05,0.136,-0.264,-0.262,-0.095,-0.429,0.233,-0.633,0.5,0.167,-0.5
487,ESPORTSTMNT01_3417141,1,1.5904,0.2123,-0.234,0.033,-0.38,0.0,0.005,0.024,0.06,1.0,0.0,0.464,1.0,-0.708,-0.667,-0.5,0.433
488,LOLTMNT02_22165,0,0,0,0.0,0.0,0.0,0.0,0.0,0.0,0.0,0.0,0.333,0.3,0.333,0.248,-0.045,-0.375,0.018
489,LOLTMNT02_21206,0,0,0,1.0,0.0,0.0,-1.0,-1.0,-0.136,0.312,-0.5,0.048,-0.333,-0.143,0.429,0.1,-0.412,-0.067
490,LOLTMNT02_22225,0,-0.4743,1.8974,0.0,0.0,0.0,1.0,-0.5,0.083,-0.5,0.6,0.042,-0.094,-0.168,-0.467,-0.429,0.444,0.162
491,LOLTMNT02_21273,0,1.2248,1.2248,0.5,0.0,0.5,0.0,0.0,-0.038,0.028,-0.01,0.2,0.235,0.067,0.167,0.02,-0.1,0.222
492,LOLTMNT02_21295,0,0.7619,1.578,0.167,-0.5,0.0,-0.5,-0.5,0.3,-0.1,-0.333,-0.318,-0.278,0.0,0.0,0.0,0.048,0.5
493,LOLTMNT02_21688,0,-0.7277,1.5309,0.0,-1.0,-0.667,0.0,-0.5,-0.351,0.0,-0.333,-0.357,0.3,0.121,0.068,-0.017,-0.417,-0.005
494,LOLTMNT02_21701,0,-0.7277,1.5309,0.333,-0.5,-0.25,-0.5,-1.0,-0.733,-0.5,-0.082,-0.625,0.167,0.035,0.211,-0.564,-0.278,0.164
495,LOLTMNT02_22739,1,1.2432,-0.8813,0.0,0.0,-0.2,-1.0,0.5,0.0,0.0,0.1,0.25,0.0,0.044,-0.276,0.004,-0.248,0.0
496,LOLTMNT02_22767,0,-0.8813,1.2432,0.1,0.5,-0.5,0.5,-1.0,0.0,-0.5,-0.636,0.0,-1.0,-0.012,-0.325,-0.667,0.402,-0.12
497,LOLTMNT02_23175,1,1.0217,-1.0682,0.667,-1.0,0.0,-0.333,0.0,0.429,0.5,0.125,0.548,-0.1,-0.065,-0.321,-0.225,-0.126,-0.065
498,LOLTMNT02_23223,1,1.0217,-1.0682,-0.5,-0.167,-0.333,-0.167,0.0,0.167,0.5,0.522,0.333,0.0,-0.143,-0.167,-0.136,-0.122,-0.061
499,LOLTMNT02_24236,1,0.0668,-1.1078,0.0,0.5,-0.5,0.0,1.0,0.0,0.0,0.5,0.701,0.333,-0.045,-0.142,-0.167,-0.151,0.167
500,LOLTMNT02_24257,1,0.2482,-1.124,0.5,0.0,-0.5,0.2,-0.667,-0.1,0.333,0.857,0.724,0.8,-0.35,0.137,-0.194,-0.122,-0.099
501,LOLTMNT02_26035,0,-1.2936,-0.4351,-0.25,-0.167,-0.714,-0.5,-1.0,-0.167,0.0,-0.196,-0.274,-0.136,0.108,0.589,-0.127,-0.569,-0.252
502,LOLTMNT02_26046,1,-0.0891,-1.3467,0.0,0.167,-0.417,-0.167,0.5,-0.333,0.667,0.381,0.031,0.5,-0.247,0.556,-0.064,0.147,0.1
503,LOLTMNT02_25093,0,0.3415,0.5203,0.071,0.5,-0.667,0.167,-0.3,0.5,0.062,0.25,-0.3,0.167,-0.111,-0.038,-0.554,0.025,-0.068
504,LOLTMNT02_25120,1,0.653,-0.0087,0.0,0.167,0.667,-0.029,0.833,0.0,-0.25,0.278,-0.042,0.409,0.132,-0.168,0.5,-0.03,0.255
505,LOLTMNT02_26436,1,1.0403,-1.3263,0.25,-0.35,-0.2,-0.5,0.143,0.55,-0.182,0.042,0.353,0.762,-0.045,0.136,-0.183,-0.283,-0.036
506,LOLTMNT02_25456,1,1.0403,-1.3263,0.133,0.5,0.03,0.167,0.5,0.773,0.0,0.56,0.134,0.273,0.026,0.222,-0.131,0.214,-0.083
507,LOLTMNT02_25488,1,1.1664,0.4681,-0.333,0.071,-0.25,0.333,0.75,-0.667,0.0,-0.25,-0.111,-0.071,-0.07,0.6,-0.067,0.183,0.036
508,LOLTMNT02_26523,1,0.718,0.718,0.444,-0.5,0.417,-0.125,0.35,0.0,0.0,0.107,0.545,-0.846,-0.205,0.044,-0.09,-0.032,0.029
509,LOLTMNT02_26537,0,0.3929,0.8646,-0.286,-0.267,0.0,-0.056,-0.278,-0.111,0.0,0.25,-0.026,0.233,-0.075,0.029,0.058,-0.192,-0.5
510,LOLTMNT02_29043,0,-0.1055,1.305,0.5,-0.5,0.212,-0.6,0.667,0.0,-0.8,0.409,-0.25,0.5,0.219,-0.17,-0.037,0.106,0.05
511,LOLTMNT02_29074,1,1.3161,-0.2722,-0.545,0.375,-0.229,0.136,0.6,0.5,0.405,0.275,0.778,0.714,0.197,0.179,-0.022,0.004,0.005
512,LOLTMNT02_29105,1,0.9647,-1.3044,0.3,0.667,0.0,-0.571,0.5,1.0,0.208,0.692,0.0,0.0,-0.22,0.201,0.037,0.111,0.042
513,LOLTMNT02_29136,0,0.7405,-0.8782,0.372,-0.214,0.125,0.5,0.417,1.0,-0.125,0.714,0.25,0.5,-0.196,-0.222,0.051,0.04,0.065
514,LOLTMNT02_29165,0,0.5169,-0.5282,-0.425,0.467,0.012,-0.4,0.333,0.065,0.5,0.864,0.333,0.0,0.048,0.178,-0.056,0.038,-0.008
515,LOLTMNT02_29737,1,0.6372,-0.1409,0.433,-0.4,-0.429,0.167,-0.39,0.429,0.324,-0.038,-0.333,0.357,-0.029,-0.047,0.198,0.074,-0.05
516,LOLTMNT02_29757,0,-0.3394,0.761,-0.524,-0.067,0.5,-0.292,-0.25,-0.5,-0.778,0.0,0.357,-0.1,0.012,0.156,0.143,0.087,0.251
517,LOLTMNT02_29804,0,-1.4852,1.0407,0.048,-0.5,-0.111,-0.444,-0.167,-0.071,0.0,-0.208,-0.31,-0.278,0.004,0.042,-0.023,0.287,0.058
518,LOLTMNT02_30776,0,-1.4804,1.0845,0.2,-0.212,-0.132,0.214,-0.269,-0.625,-0.636,-0.22,-0.068,-0.167,0.209,-0.11,-0.108,0.081,-0.051
519,LOLTMNT02_32346,1,0.632,0.1719,0.351,-0.286,0.45,0.5,-0.167,0.1,-0.038,0.022,0.056,-0.083,0.024,-0.142,0.15,-0.056,-0.351
520,LOLTMNT02_31412,1,0.3734,0.4526,0.333,-0.083,0.571,-0.5,-1.0,0.083,-0.429,1.0,0.5,0.545,0.06,-0.048,-0.015,0.038,-0.125
521,LOLTMNT02_31433,0,0.3011,0.5208,0.067,-0.314,-0.042,-0.121,0.341,-0.033,0.25,-0.174,-0.25,-0.527,0.076,0.033,0.077,-0.124,0.033
522,LOLTMNT02_32443,1,-0.0723,-1.513,-0.024,-0.333,-0.318,0.514,0.389,0.571,0.364,-0.2,-0.038,0.5,0.075,-0.094,-0.004,-0.063,0.061
523,LOLTMNT02_31496,1,-1.0474,-0.3064,0.133,-0.35,0.196,0.167,-0.567,0.128,0.0,0.125,0.5,-1.0,0.216,-0.011,0.115,0.104,-0.055
524,LOLTMNT02_32510,0,-1.1436,-0.0902,-0.188,-0.5,0.167,-0.286,-0.318,-0.625,0.5,0.5,-0.324,-0.167,-0.225,0.093,0.085,-0.017,0.076
525,LOLTMNT02_31940,0,0.8674,0.8674,-0.75,-0.238,-0.294,-0.375,-0.833,0.0,-0.529,0.5,-0.067,-0.5,-0.142,0.008,-0.004,-0.028,0.041
526,LOLTMNT02_32961,1,0.9738,0.6512,-0.129,-0.162,0.333,-0.188,-0.5,0.444,-0.333,-0.067,0.576,-0.133,-0.123,0.081,0.175,-0.153,-0.29
527,LOLTMNT02_31982,0,0.4664,1.0552,0.295,0.196,-0.042,-0.314,-0.733,0.0,0.556,-0.283,0.071,0.0,-0.045,0.091,-0.08,-0.046,-0.035
528,LOLTMNT02_33033,1,-0.2977,-0.6196,0.542,0.0,0.164,-0.667,-0.5,0.458,0.5,0.0,0.5,0.625,0.13,-0.042,-0.063,0.091,0.019
529,LOLTMNT02_34050,0,-0.7599,-0.0673,-0.066,0.2,-0.356,0.333,0.114,-0.13,-0.056,0.0,-0.5,-0.727,0.08,0.099,-0.016,0.061,-0.001
530,LOLTMNT02_33438,0,-1.4129,-1.3359,-0.5,-0.283,0.059,-0.206,-0.471,-0.5,0.0,-0.444,0.0,0.0,0.0,0.0,0.0,0.0,0.0
531,LOLTMNT02_34441,0,-1.5122,-1.0852,-0.167,0.356,0.25,0.238,0.706,0.5,0.0,0.0,0.275,0.0,0.0,0.0,0.0,0.5,0.0
532,LOLTMNT02_34469,1,-0.8008,-1.6387,0.462,-0.062,0.057,0.2,-0.357,-0.318,-0.333,-0.269,0.5,-0.045,-0.5,0.0,0.5,-0.5,-0.5
533,LOLTMNT02_33526,0,1.3973,0.709,-0.5,0.167,-0.333,0.227,0.8,0.3,-0.167,0.0,-0.062,-0.017,-0.4,0.333,-0.167,0.55,0.0
534,LOLTMNT02_34511,0,1.0892,0.8966,-0.35,0.03,0.145,0.136,0.667,0.116,0.026,-0.667,-0.042,0.25,-0.5,0.5,0.5,0.0,0.0
535,LOLTMNT02_38424,1,0.0735,0.2702,-0.007,-0.056,0.333,-0.332,-0.298,-0.5,0.26,-0.083,0.278,-0.667,0.0,0.5,0.5,0.0,0.5
536,LOLTMNT02_38442,1,0.2702,0.0735,0.05,0.026,0.429,0.1,-0.145,0.2,0.75,-0.538,0.0,-0.071,0.667,-0.5,1.0,-0.5,0.5
537,LOLTMNT02_37474,1,0.4127,-1.8318,-0.286,0.071,0.17,-0.303,-0.071,0.147,0.167,-0.1,0.667,-0.5,0.5,-0.167,-0.25,0.167,0.5
538,LOLTMNT02_37499,1,0.5274,-1.8565,-0.571,0.136,0.608,-0.05,-0.1,0.25,0.25,0.433,0.667,0.25,-0.714,-0.1,0.25,0.75,0.5
539,LOLTMNT02_37839,1,0.941,-0.9403,0.418,0.0,0.242,0.182,-0.071,0.379,0.132,0.667,0.699,0.324,-0.1,0.0,-0.25,0.8,0.4
540,LOLTMNT02_37841,0,-1.0225,1.0049,0.035,0.33,-0.417,0.154,-0.25,-0.25,-0.5,-0.071,-0.1,0.0,-0.095,-0.214,1.0,-1.0,0.0
541,LOLTMNT02_38830,1,0.0445,-1.1447,-0.479,-0.238,0.288,0.065,-0.167,0.5,-0.5,-0.4,-0.045,0.1,0.0,0.0,-0.5,0.5,0.0
542,LOLTMNT02_38839,1,-0.8445,-0.163,0.185,-0.025,0.071,0.467,-0.167,0.0,-0.1,-0.5,-0.5,-0.25,0.0,0.0,0.0,0.0,0.0
543,LOLTMNT02_37886,1,0.0208,-0.9655,-0.45,0.082,-0.358,-0.083,-0.06,0.0,0.145,-0.14,-0.176,0.125,0.0,-0.5,0.0,0.0,-1.0
544,LOLTMNT02_41039,0,0.0331,1.2319,0.03,0.467,-0.438,0.24,0.026,-0.267,0.167,0.0,0.167,0.2,0.8,0.0,-0.5,0.571,0.467
545,LOLTMNT02_41040,0,-0.114,1.2832,0.091,0.231,-0.446,0.181,-0.032,-0.714,0.173,-1.0,-0.34,-0.333,0.467,-0.167,-0.5,0.25,0.321
546,LOLTMNT02_42068,0,-0.1061,1.0852,0.272,-0.243,0.025,-0.1,0.0,-0.545,-0.292,-0.283,-0.3,0.429,0.0,0.0,0.0,0.0,0.0
547,LOLTMNT02_41061,0,-0.2327,1.1533,0.618,0.117,-0.009,-0.094,-0.083,-0.218,-0.173,-0.25,-0.538,-0.4,0.0,0.0,0.0,0.0,0.0
548,LOLTMNT02_41171,1,-0.7769,0.3345,0.136,-0.125,0.317,0.217,0.181,-0.75,0.25,-0.5,-0.714,0.333,0.0,0.0,0.0,0.5,1.0
549,LOLTMNT02_42189,1,0.4389,-0.8653,-0.187,-0.467,0.235,0.529,0.067,0.1,0.5,0.417,0.267,0.5,-1.0,-0.5,0.0,0.0,0.5
550,LOLTMNT02_41177,0,-0.9393,0.5261,0.188,0.065,-0.269,0.071,0.117,-0.467,-1.0,-0.55,0.083,0.5,0.5,0.0,-0.667,1.0,0.5
551,LOLTMNT02_42207,1,1.027,-1.7642,0.06,0.056,0.3,-0.471,-0.5,0.615,0.125,0.75,0.333,0.3,0.5,0.0,-0.5,0.0,0.0
552,LOLTMNT02_42209,0,-1.775,1.0665,-0.423,0.375,-0.556,0.022,0.062,-0.167,-0.15,0.5,-0.5,0.0,0.0,0.0,0.0,0.0,0.0
553,LOLTMNT02_42257,0,-0.9713,1.1565,-0.25,-0.004,0.233,0.142,-0.071,-1.0,-0.714,-0.2,-0.667,-0.524,0.0,0.0,0.0,0.0,0.0
554,LOLTMNT02_41262,1,-0.7681,0.9814,0.135,0.1,0.208,0.093,-0.115,-0.667,-0.4,-0.394,-0.692,-0.575,0.5,0.5,-0.5,-1.0,-1.0
555,LOLTMNT02_42258,1,1.0341,-0.848,-0.419,-0.074,0.257,0.162,-0.098,0.667,0.067,0.15,0.5,0.397,0.0,0.0,-0.5,0.0,0.0
556,LOLTMNT02_41281,0,-0.0986,1.2939,-0.643,0.0,0.471,-0.163,0.236,-0.75,0.18,-0.03,-0.5,0.211,0.0,0.0,0.0,0.0,0.0
557,LOLTMNT02_42276,1,1.3291,-0.2194,-0.038,-0.476,-0.581,0.222,-0.145,0.75,-0.4,0.133,0.529,0.4,0.0,0.0,0.5,0.0,0.0
558,LOLTMNT01_55642,1,0.6388,1.1775,0.037,-0.102,0.644,-0.157,-0.138,-0.5,1.0,-0.036,0.5,-0.607,-0.5,0.0,-0.5,0.0,0.5
559,LOLTMNT01_56440,0,1.0323,0.7311,-0.171,-0.017,-0.25,0.11,0.071,-0.6,-0.5,-0.292,-0.556,0.35,0.0,0.0,-0.167,-1.0,-1.0
560,LOLTMNT01_55683,0,-0.9861,0.0781,-0.5,0.25,0.056,0.067,0.013,0.25,-0.5,0.0,-0.75,-0.25,-0.5,0.0,0.0,-0.667,-0.667
561,LOLTMNT01_55709,0,-1.0492,0.2021,-0.586,0.187,0.482,0.027,-0.038,-0.48,-0.667,0.667,-0.8,-0.4,-0.333,-0.667,0.25,-0.75,-0.75
562,LOLTMNT01_57068,1,1.1661,-0.3256,0.029,-0.05,-0.159,0.281,-0.3,0.043,0.667,0.025,0.571,0.333,-0.625,0.0,0.714,0.167,0.0
563,LOLTMNT01_56898,0,-0.4187,1.2019,0.096,0.102,-0.591,0.032,-0.062,-0.401,-0.333,-0.5,0.123,-0.444,0.111,-0.5,0.167,0.214,0.0
564,LOLTMNT01_57117,1,1.0985,-1.7477,-0.06,0.127,0.209,0.01,0.084,0.398,0.75,0.0,0.0,0.071,0.0,-0.8,0.6,0.292,0.55
565,LOLTMNT01_57141,0,-1.755,1.1311,0.048,-0.014,0.261,-0.139,0.01,-0.667,-0.265,-0.778,-1.0,0.0,0.0,0.633,0.714,-0.245,0.167
566,LOLTMNT01_58248,0,-0.8528,0.7367,-0.045,0.055,0.607,0.143,0.0,-0.667,0.071,-0.133,-0.5,-0.167,0.333,-0.8,0.667,-0.667,-0.5
567,LOLTMNT01_59105,0,-0.9109,0.7839,-0.073,-0.038,-0.282,0.015,0.056,-0.714,-0.083,-0.6,-0.35,0.3,-0.083,0.0,-0.5,-0.5,-1.0
568,LOLTMNT01_59130,1,0.3047,-0.3014,0.1,0.067,-0.304,0.214,-0.016,0.3,0.25,-0.125,0.5,0.0,-0.167,0.0,-0.5,1.0,0.5
569,LOLTMNT01_58334,1,-0.1603,0.1843,0.111,-0.006,-0.274,0.25,0.167,0.1,-0.006,-0.115,-0.5,0.0,-0.071,0.625,0.571,0.0,0.5
570,LOLTMNT01_59177,1,0.2786,-0.2581,0.122,-0.134,0.16,0.031,0.069,0.519,0.8,-0.074,0.072,0.5,-0.444,0.167,-0.556,-0.25,0.0
571,LOLTMNT01_58454,1,1.0149,0.9667,-0.167,-0.118,-0.5,0.077,0.093,-0.083,0.3,0.206,-0.318,-0.125,0.214,0.2,-0.083,0.267,0.75
572,LOLTMNT01_58466,0,0.8394,1.0787,0.255,0.004,-0.224,0.052,0.079,-0.123,0.111,0.077,-0.096,-0.111,-0.25,-0.333,0.282,0.133,-0.05
573,LOLTMNT01_58502,1,-0.2508,-1.036,-0.159,0.027,-0.769,-0.193,0.1,-0.05,0.75,-0.5,-0.3,0.25,-0.378,0.15,0.0,-0.167,-0.833
574,LOLTMNT01_59378,0,-1.0907,-0.1299,0.514,-0.077,0.333,-0.3,0.306,-0.462,-0.8,0.0,-0.15,0.0,0.227,-0.229,0.333,-0.333,0.5
575,LOLTMNT01_58693,0,-0.3406,1.1991,0.115,-0.093,-0.307,0.352,0.333,-0.149,-0.482,-0.5,-0.8,-0.5,0.0,0.0,0.0,0.0,0.0
576,LOLTMNT01_59546,0,-0.4135,1.2257,0.087,-0.193,-0.267,0.278,0.0,-0.217,-0.667,-0.607,-0.812,0.0,-1.0,-0.5,-0.5,-1.0,0.0
577,LOLTMNT01_59570,1,-0.74,-1.7541,0.115,-0.238,0.292,0.047,0.056,0.357,0.385,0.071,0.0,-0.25,-0.5,-0.5,-0.5,-0.167,0.0
578,LOLTMNT01_58738,0,-1.8004,-0.598,0.239,-0.077,-0.381,0.4,-0.028,0.0,-0.067,-0.259,0.0,-0.3,0.5,-1.0,0.167,-0.5,0.5
579,LOLTMNT02_52081,1,1.2437,-0.6603,0.111,-0.092,-0.067,0.259,0.2,0.706,0.375,-0.1,0.667,0.692,0.0,0.0,0.0,0.0,0.0
580,LOLTMNT02_52097,1,-0.5358,1.1408,-0.21,-0.01,0.438,0.0,0.041,-0.25,-0.64,0.0,0.0,-0.524,0.0,0.0,0.0,0.0,0.0
581,LOLTMNT02_52104,1,1.1658,-0.5963,0.174,0.118,-0.006,0.172,0.143,0.167,0.722,0.429,0.6,0.714,0.0,0.0,0.0,0.0,0.0
582,LOLTMNT02_52146,1,0.8852,0.6927,-0.012,-0.08,-0.024,-0.583,0.02,0.214,-0.063,-0.086,0.0,0.464,0.0,0.0,0.0,0.0,0.0
583,LOLTMNT02_53024,1,0.9432,0.5919,-0.105,0.045,0.035,0.167,0.084,0.25,0.346,-0.021,0.3,0.51,0.0,0.0,0.0,0.0,0.0
584,LOLTMNT02_53518,1,-0.0231,-0.5211,0.045,-0.042,-0.361,0.181,-0.1,0.071,-0.391,-0.1,-0.333,0.167,0.0,0.0,0.0,0.0,0.0
585,LOLTMNT02_52683,0,-0.5916,0.075,0.167,-0.1,0.281,0.244,-0.222,0.5,-0.533,-0.121,-0.4,-0.5,0.0,0.0,0.0,0.0,0.0
586,LOLTMNT02_53568,1,1.0935,-1.1505,-0.091,0.093,0.13,0.133,0.272,0.062,0.375,0.222,0.5,0.3,0.0,0.0,0.0,0.0,0.0
587,LOLTMNT02_53589,0,-1.18,1.118,0.062,0.133,0.053,0.194,0.03,-0.388,-0.312,-0.237,-0.551,-0.81,0.0,0.0,0.0,0.0,0.0
588,LOLTMNT02_55054,0,0.1683,-1.6206,-0.077,-0.02,-0.175,0.058,-0.113,0.033,0.833,-0.233,-0.125,0.0,0.0,0.0,0.0,0.0,0.0
589,LOLTMNT02_55082,1,0.2512,-1.6425,-0.174,0.162,-0.318,-0.167,0.068,0.238,0.714,-0.5,0.5,0.667,0.0,0.0,0.0,0.0,0.0
590,LOLTMNT02_54260,1,-1.5029,0.1453,-0.085,-0.06,0.0,0.048,0.306,-0.536,-0.214,-0.5,0.0,0.25,0.0,0.0,0.0,0.0,0.0
591,LOLTMNT02_54309,1,0.9963,-0.7172,-0.198,-0.01,-0.264,-0.132,-0.363,0.4,0.589,0.167,-0.5,0.494,0.0,0.0,0.0,0.0,0.0
592,LOLTMNT02_54335,0,-0.7688,1.0305,0.122,-0.075,-0.227,-0.4,0.042,-0.621,-0.371,-0.833,0.412,-0.436,0.0,0.0,0.0,0.0,0.0
593,LOLTMNT02_55559,1,1.2327,0.4835,-0.026,0.156,0.296,0.056,0.11,-0.021,0.033,1.0,0.333,-0.111,0.0,0.0,0.0,0.0,0.0
594,LOLTMNT02_55581,0,0.3938,1.2677,0.043,-0.227,-0.246,-0.071,0.186,0.312,-0.167,-0.192,-0.038,-0.1,0.0,0.0,0.0,0.0,0.0
595,LOLTMNT02_55608,1,1.2039,-0.6859,0.094,-0.319,0.127,0.071,-0.067,0.125,0.624,0.121,0.167,0.4,0.0,0.0,0.0,0.0,0.0
596,LOLTMNT02_55648,1,1.2258,-0.7368,-0.058,-0.167,-0.179,0.015,0.023,0.295,0.667,0.417,0.47,0.576,0.0,0.0,0.0,0.0,0.0
597,LOLTMNT02_57040,0,-1.2786,0.1588,0.0,-0.038,0.27,0.0,0.121,-0.5,0.3,0.0,0.2,0.055,0.0,0.0,0.0,0.0,0.0
598,LOLTMNT05_23416,1,-1.1512,0.0605,0.009,-0.015,-0.34,-0.087,0.01,-0.202,-0.167,-0.333,-0.073,-0.765,0.0,0.0,0.0,0.0,0.0
599,LOLTMNT05_22318,1,0.1417,-1.19,0.056,0.267,-0.422,0.042,0.102,0.35,0.5,0.667,0.0,-0.5,0.5,0.0,0.0,0.5,0.5
600,LOLTMNT02_56629,1,-1.32,0.0472,0.564,-0.142,-0.603,0.444,0.037,0.318,-0.611,-0.075,0.0,0.0,0.0,0.0,0.0,0.0,0.0
601,LOLTMNT02_57594,1,0.1302,-1.3559,0.113,0.325,0.094,0.0,0.111,0.517,0.579,-0.031,0.0,-0.4,0.0,-0.5,-1.0,0.5,0.5
602,LOLTMNT02_56660,1,-1.2281,0.0349,-0.068,-0.055,-0.267,0.131,0.314,-0.333,0.067,-0.127,0.25,0.5,0.0,0.0,0.0,0.0,0.0
603,LOLTMNT02_58682,0,-0.0432,1.2883,-0.129,0.052,0.258,0.035,0.0,-0.022,0.071,-0.262,-0.769,-0.818,-0.5,0.0,0.0,0.0,0.0
604,LOLTMNT02_59611,0,-0.1154,1.3125,-0.079,0.0,0.282,-0.438,-0.314,-0.7,0.306,-0.225,-0.286,-0.326,0.0,0.0,0.0,0.0,0.0
605,LOLTMNT02_58729,1,1.3043,-0.8511,0.354,-0.094,0.132,0.319,0.073,-0.071,0.17,0.633,0.0,0.5,0.0,0.0,0.0,0.0,0.0
606,LOLTMNT02_59735,0,-0.8935,1.3185,0.424,0.292,-0.206,-0.117,0.009,-0.206,-0.857,-0.645,-0.706,-0.5,0.0,0.0,0.0,0.0,0.0
607,LOLTMNT02_60097,1,0.2143,-1.2178,0.216,0.047,-0.194,0.174,-0.147,0.283,-0.25,0.038,0.167,-0.5,0.0,0.0,0.0,0.0,0.0
608,LOLTMNT02_60111,0,-1.2503,0.2809,0.199,-0.032,0.312,-0.475,-0.5,-0.152,-0.4,-0.75,-0.25,-0.222,0.0,0.0,0.0,0.0,0.0
609,LOLTMNT02_61137,1,-0.6657,-1.2651,0.129,0.076,-0.214,-0.013,0.108,0.367,0.2,0.143,0.227,0.333,0.0,0.0,0.0,0.0,0.0
610,LOLTMNT02_60170,1,-1.1481,-0.7428,-0.134,-0.361,0.107,0.2,0.017,-0.079,0.0,0.25,-0.429,-0.267,0.0,0.0,0.0,0.0,0.0
611,LOLTMNT02_61171,0,-0.8146,-1.0361,0.242,0.059,-0.139,-0.186,-0.033,-0.333,-0.667,-0.778,-0.083,-0.132,0.0,0.0,0.0,0.0,0.0
612,LOLTMNT02_61503,0,0.9315,-0.8362,-0.187,-0.139,-0.111,-0.016,0.141,0.5,0.603,0.306,0.233,0.167,0.0,-0.5,0.5,0.0,0.0
613,LOLTMNT02_61525,1,0.9674,-0.8804,0.094,0.061,-0.157,-0.025,-0.109,0.75,0.448,0.4,0.134,0.278,0.0,0.5,0.0,0.5,0.0
614,LOLTMNT02_61530,0,-0.9203,0.9996,0.152,0.181,0.115,0.095,0.081,-0.5,-0.425,-0.202,-0.147,-0.5,0.0,0.0,0.0,0.0,0.0
615,LOLTMNT02_61569,1,1.3274,0.2747,0.097,-0.155,-0.198,0.204,0.036,0.286,-0.5,-0.061,0.571,0.517,-0.5,0.5,-0.5,0.5,0.0
616,LOLTMNT02_61595,0,0.1936,1.354,0.133,0.098,-0.15,0.012,0.043,0.0,-0.342,0.028,-0.792,-0.197,0.0,0.0,0.0,-0.5,0.5
617,LOLTMNT02_63137,1,-0.0458,-0.8568,-0.004,-0.056,-0.084,-0.09,0.015,-0.227,0.621,-0.033,0.3,0.15,0.0,0.0,0.0,0.0,0.0
618,LOLTMNT02_62151,1,-0.7541,-0.1234,0.162,0.065,0.156,-0.538,-0.142,0.387,-0.361,0.056,-0.333,0.0,0.0,0.0,-0.5,-0.5,0.0
619,LOLTMNT02_62157,1,-0.0482,-0.8046,0.169,-0.049,-0.064,-0.075,-0.122,0.262,0.5,-0.079,0.714,0.167,0.0,0.0,0.0,0.0,0.0
620,LOLTMNT02_63186,1,1.3368,-1.3441,0.028,0.178,0.039,0.257,0.061,0.824,0.5,0.039,0.75,0.0,0.0,0.0,0.0,0.0,0.0
621,LOLTMNT02_62190,0,-1.3658,1.3471,0.069,-0.071,-0.063,-0.488,-0.52,-0.5,0.1,-0.214,-0.85,-0.833,0.0,0.0,0.0,0.0,0.0
622,LOLTMNT02_63383,0,0.1035,0.3377,-0.17,0.071,0.3,-0.061,-0.002,0.104,0.5,-0.086,0.092,-0.308,0.0,0.0,0.0,0.0,0.0
623,LOLTMNT02_63386,1,0.1757,0.2549,-0.142,-0.039,0.167,0.017,-0.128,-0.255,0.0,-0.186,-0.125,0.042,0.0,0.0,0.0,0.0,0.0
624,LOLTMNT02_62374,1,0.3191,0.1016,0.099,-0.008,0.04,-0.333,0.167,0.056,0.524,-0.029,0.083,0.571,0.0,0.0,0.0,0.0,0.0
625,LOLTMNT02_63419,0,-1.0487,1.022,-0.264,0.008,-0.106,0.058,-0.029,-0.4,0.048,-0.052,-0.288,-0.467,0.0,0.0,0.0,0.0,0.0
626,LOLTMNT02_63428,0,-1.0779,1.0461,0.318,-0.02,-0.129,0.016,-0.093,-0.154,-0.075,-0.567,-0.371,-0.625,0.0,0.0,0.0,0.0,0.0
627,LOLTMNT03_48260,0,-1.3873,-0.9806,0.603,-0.083,0.063,-0.067,-0.27,0.32,0.5,-0.3,0.056,0.5,0.5,0.0,0.8,0.0,0.0
628,LOLTMNT03_48267,1,-1.2836,-1.0441,0.247,-0.048,-0.246,-0.046,-0.118,0.0,0.5,-0.5,-0.05,0.0,0.0,0.0,0.167,-0.5,0.0
629,LOLTMNT03_49237,0,-1.1045,-1.1831,0.487,0.026,0.282,0.314,0.088,-0.304,0.5,0.0,0.3,-0.167,0.0,0.0,0.0,0.0,0.0
630,LOLTMNT03_48296,1,1.3722,0.9705,-0.303,-0.202,0.162,0.073,0.321,0.031,-0.5,0.108,-0.1,-0.583,0.0,0.0,0.0,0.0,0.0
631,LOLTMNT03_48298,1,1.4086,0.8862,0.441,0.008,-0.029,0.223,0.052,0.2,0.1,0.3,0.556,0.137,0.0,0.0,0.0,0.0,0.0
632,LOLTMNT03_49696,0,-0.1148,1.4085,-0.23,0.012,0.057,0.293,-0.192,-0.66,-0.387,-0.267,0.176,0.0,0.222,0.5,-0.4,-0.6,0.0
633,LOLTMNT03_48739,1,1.4253,-0.1742,0.136,0.595,-0.018,0.263,-0.025,0.85,0.182,0.381,1.0,0.8,0.083,0.0,0.455,-0.01,-0.156
634,LOLTMNT03_49732,0,-0.9629,0.1688,-0.081,-0.5,-0.216,-0.029,-0.037,0.033,0.25,-0.625,0.0,-0.083,0.212,-0.333,-0.255,0.074,-0.124
635,LOLTMNT03_48767,0,-1.0015,0.2274,0.214,-0.514,-0.242,-0.074,-0.075,0.5,-0.3,-0.667,-0.571,-0.383,-0.095,-0.5,-0.242,-0.028,-0.033
636,LOLTMNT03_50149,0,-1.1836,0.9043,-0.135,-0.079,-0.5,0.303,-0.05,-0.071,-0.815,-0.071,0.0,-0.083,-0.095,-0.045,0.0,-0.267,-0.204
637,LOLTMNT03_50154,0,-1.2076,0.9305,0.139,-0.045,0.207,-0.01,-0.099,-0.458,-0.857,-0.143,0.163,-0.556,-0.227,0.0,0.071,0.255,0.192
638,LOLTMNT03_50179,0,-0.8306,0.3701,-0.214,-0.11,-0.005,-0.142,-0.15,-0.204,-0.304,0.571,0.31,-0.25,0.442,0.048,0.1,0.147,0.0
639,LOLTMNT03_50183,0,-0.8695,0.4206,-0.15,0.0,0.5,0.026,0.149,-0.212,0.0,-0.5,-1.0,-0.167,0.267,-0.167,-0.455,-0.298,-0.321
640,LOLTMNT03_50419,0,1.2884,1.3868,0.431,-0.176,-0.162,0.103,0.378,0.133,0.286,0.2,0.005,0.158,0.0,0.0,0.0,0.0,0.0
641,LOLTMNT03_51351,0,1.2164,1.4238,-0.359,-0.143,-0.128,-0.147,0.081,-0.5,-0.023,-0.013,-0.182,-0.2,0.0,-0.5,0.0,-0.5,-0.5
642,LOLTMNT03_51376,0,-0.2282,-0.9683,0.075,0.083,0.18,0.125,0.275,0.183,0.083,0.25,1.0,0.0,0.0,0.0,1.0,0.5,0.167
643,LOLTMNT03_50454,0,-0.2926,-0.8807,-0.014,0.206,0.134,0.0,0.136,-0.065,0.267,-0.111,0.167,0.55,0.417,-0.667,-0.417,-0.5,0.0
644,LOLTMNT03_51631,1,0.2902,-0.937,-0.373,0.007,0.147,0.231,-0.051,0.094,0.25,0.0,0.167,-0.094,0.0,0.0,0.0,0.0,0.0
645,LOLTMNT03_51637,1,-0.8496,0.2207,0.104,0.1,0.225,0.1,-0.169,-0.106,-0.512,-0.667,0.25,-0.361,-0.5,-0.5,0.0,0.0,0.5
646,LOLTMNT03_50744,1,0.2728,-0.8876,0.096,0.042,0.162,-0.051,0.17,0.238,0.359,0.632,0.625,0.338,0.167,0.167,-0.5,0.5,0.667
647,LOLTMNT03_51663,1,-0.9226,0.3634,0.327,0.143,0.43,0.315,0.022,-0.029,-0.5,-0.26,-0.833,-0.583,0.75,-0.5,0.5,1.0,-1.0
648,LOLTMNT03_50768,1,0.4138,-0.9602,0.212,-0.054,-0.167,0.194,0.093,0.6,0.418,0.339,0.404,-0.25,0.25,-0.1,-0.4,-0.5,0.0
649,LOLTMNT03_50770,1,0.4603,-0.9948,-0.13,-0.043,0.042,-0.21,-0.533,0.646,0.875,0.037,0.357,0.0,0.0,0.0,0.0,0.0,0.0
650,LOLTMNT03_52759,1,0.983,-0.3556,0.198,0.031,0.322,0.247,0.089,0.643,-0.094,0.158,0.0,0.65,0.5,0.5,-1.0,-1.0,0.0
651,LOLTMNT03_52764,1,-0.2839,0.9084,0.544,-0.138,-0.085,0.266,0.0,-0.167,0.103,-0.5,0.4,-0.667,-0.5,0.0,-0.5,0.0,-0.5
652,LOLTMNT03_52770,1,0.9382,-0.3325,0.032,-0.022,0.286,-0.115,0.049,0.366,-0.111,0.167,0.062,0.571,1.0,0.0,0.5,0.0,0.5
653,LOLTMNT03_52805,0,0.3995,1.2571,-0.114,0.113,-0.121,-0.098,-0.138,-0.034,-0.333,0.042,-0.783,-0.262,-0.5,0.0,0.0,0.0,0.0
654,LOLTMNT03_52814,0,0.3355,1.2821,-0.121,-0.113,-0.375,-0.041,-0.076,-0.28,-0.111,0.3,-0.457,0.227,0.0,0.0,0.0,0.0,0.0
655,LOLTMNT03_54407,1,-0.8922,-0.9321,-0.022,0.062,-0.24,-0.085,0.122,-0.412,0.167,-0.167,0.083,0.667,0.0,0.167,0.0,0.3,0.667
656,LOLTMNT03_55029,0,-0.9803,-0.8073,-0.182,0.008,-0.522,-0.037,-0.069,-0.024,0.0,0.0,0.381,0.0,0.4,-0.667,-0.1,-0.667,-0.2
657,LOLTMNT03_55045,0,-1.291,0.3233,-0.247,0.0,0.27,0.258,0.165,-0.367,-0.5,0.5,0.5,0.1,0.0,-0.5,0.0,0.0,-0.5
658,LOLTMNT03_55054,0,-1.3149,0.3679,-0.03,0.158,-0.225,-0.223,-0.347,-0.394,-0.833,0.333,-0.667,-0.714,0.0,0.0,0.0,0.0,0.0
659,LOLTMNT03_55288,1,1.4443,-0.9261,-0.159,-0.135,0.489,-0.061,0.057,0.75,0.857,0.6,0.5,0.5,0.0,-0.5,-0.5,-1.0,0.0
660,LOLTMNT03_55290,1,1.4517,-0.955,0.041,-0.112,-0.4,-0.034,0.1,-0.5,0.864,0.818,0.667,1.0,0.0,0.0,-0.5,0.0,0.0
661,LOLTMNT03_55307,0,1.1848,0.9681,-0.253,0.049,-0.818,0.212,-0.183,0.233,-0.194,0.175,0.412,-0.857,0.0,0.0,0.0,0.0,0.0
662,LOLTMNT03_55310,1,1.2181,0.9,-0.051,-0.21,-0.323,0.184,0.357,0.083,0.25,-0.061,0.139,0.241,0.5,0.5,-0.5,-0.667,-0.5
663,LOLTMNT03_55313,1,0.9429,1.1507,0.288,0.06,-0.248,-0.1,0.187,-0.173,0.362,-0.222,0.333,0.609,0.0,0.0,0.0,0.0,0.0
664,LOLTMNT03_54813,0,-0.8294,-0.252,0.486,-0.157,-0.102,-0.544,0.032,0.882,0.4,-0.074,-0.682,-0.5,0.0,-0.5,0.0,-0.5,0.0
665,LOLTMNT03_54815,1,-0.7504,-0.3086,0.37,-0.125,-0.236,-0.552,-0.189,0.333,-0.076,-0.333,-0.696,-0.5,-1.0,-0.5,0.0,-1.0,0.5
666,LOLTMNT03_54816,0,-0.362,-0.6744,-0.174,0.281,-0.096,0.2,-0.401,-0.5,0.524,-0.05,0.667,1.0,0.0,0.0,0.0,0.0,0.0
667,LOLTMNT03_55456,1,0.4296,-1.0088,0.255,-0.105,-0.714,0.096,0.446,0.25,0.1,0.833,0.126,-0.045,0.0,0.0,0.0,0.5,-0.5
668,LOLTMNT03_55468,1,-0.9326,0.3674,0.141,-0.136,0.004,-0.24,-0.377,-0.25,-0.429,-0.2,-0.5,-0.8,0.0,0.0,0.0,0.0,0.0
669,LOLTMNT03_54852,1,0.4094,-0.9629,-0.083,-0.099,0.042,0.212,0.413,-0.1,0.5,-0.267,0.1,0.5,0.0,0.0,0.0,0.0,0.0
670,LOLTMNT03_54926,1,-1.2443,-1.0401,0.285,-0.083,0.151,0.293,-0.04,-0.026,1.0,-0.333,-0.4,0.182,-0.5,0.0,0.0,0.0,0.0
671,LOLTMNT03_55561,1,-0.9583,-1.2901,-0.086,0.177,-0.196,-0.037,-0.225,0.075,0.0,-0.286,-0.333,-0.346,0.0,0.0,-0.5,0.0,0.0
672,LOLTMNT03_54927,0,-1.3318,-0.8799,-0.066,0.131,-0.482,0.149,-0.095,-0.139,0.382,-0.125,0.3,0.778,-0.5,0.0,0.0,0.5,0.0
673,LOLTMNT03_54940,1,0.3803,1.4444,0.154,-0.076,-0.282,0.124,0.04,-0.182,-0.192,-0.106,0.545,0.05,0.0,0.0,0.0,0.0,0.0
674,LOLTMNT03_55575,1,1.4648,0.3183,0.273,-0.042,0.047,-0.366,-0.387,0.452,-0.076,0.083,-0.2,0.5,0.0,0.0,0.0,0.0,0.0
675,LOLTMNT03_55576,0,0.2577,1.4845,0.13,0.022,0.04,-0.165,-0.103,-0.494,-0.045,-0.058,0.353,0.253,0.5,0.5,0.0,0.0,0.0
676,LOLTMNT01_71870,0,-1.0299,1.4924,-0.483,0.246,-0.197,0.019,0.178,-0.611,-0.667,-0.333,-0.514,-0.367,0.0,0.0,0.0,0.0,0.0
677,LOLTMNT01_71886,0,-1.0553,1.4986,0.3,-0.053,-0.147,0.116,-0.079,-0.184,-0.778,0.0,-0.462,-0.375,0.0,0.0,0.0,0.0,0.0
678,LOLTMNT01_72528,0,-0.8928,1.1902,-0.287,-0.003,-0.171,0.005,-0.147,-0.556,-0.304,-0.667,-0.75,-1.0,0.0,0.0,0.0,0.0,0.0
679,LOLTMNT01_71936,0,-0.9205,1.2059,0.005,0.021,-0.184,-0.039,-0.016,-0.392,-0.22,-0.7,-0.333,-0.227,-0.5,0.5,0.0,-0.5,-0.5
680,LOLTMNT01_73507,1,0.4641,0.8812,-0.231,0.091,-0.029,0.002,0.39,0.267,-0.036,0.15,0.312,-0.5,-0.571,0.333,-0.571,0.0,0.5
681,LOLTMNT01_73526,1,0.9149,0.405,0.061,-0.075,0.238,0.229,-0.005,0.045,-0.25,-0.418,0.667,0.208,-0.389,-0.667,0.5,0.0,-0.067
682,LOLTMNT01_74146,0,0.3494,0.9472,-0.073,0.113,0.088,0.214,0.244,0.143,0.058,0.333,0.185,-0.25,-0.111,0.429,0.319,0.3,0.5
683,LOLTMNT01_73567,0,0.2085,-0.2962,-0.081,0.036,-0.143,0.152,0.016,0.147,-0.25,0.571,0.333,-0.167,-0.182,-0.145,-1.0,-0.183,0.227
684,LOLTMNT01_74214,0,0.15,-0.2336,-0.078,0.041,-0.322,0.13,-0.442,-0.158,0.13,-0.25,0.0,0.3,0.25,0.0,-0.5,-0.282,0.4
685,LOLTMNT01_74596,1,1.5126,-1.3223,-0.316,-0.036,0.08,0.109,0.062,0.68,1.0,0.857,0.4,0.75,0.0,1.0,0.0,-1.0,0.5
686,LOLTMNT01_73984,0,-1.3394,1.5169,-0.057,-0.025,-0.21,0.124,0.04,-0.45,-0.3,-0.333,-0.479,-0.5,0.25,-0.167,-0.167,-0.25,-0.5
687,LOLTMNT01_75019,0,-0.9495,-0.6007,0.157,0.145,-0.2,0.011,0.138,0.364,-0.394,0.25,0.0,-0.2,0.1,-0.75,0.5,0.0,-0.167
688,LOLTMNT01_74666,1,-0.8784,-0.65,0.264,0.116,0.176,0.096,-0.094,0.229,-0.489,0.167,-0.035,-0.5,-0.071,-0.8,0.0,-0.1,-0.5
689,LOLTMNT01_75058,0,-0.6966,-0.8086,-0.129,0.079,-0.012,0.003,0.085,-0.167,0.292,0.136,0.062,0.786,0.5,1.0,-0.1,-0.1,-0.35
690,LOLTMNT01_74964,1,0.971,0.0876,-0.01,-0.013,0.007,0.047,0.038,0.688,0.438,0.184,0.026,-0.125,-0.133,0.327,-0.5,0.429,-0.196
691,LOLTMNT01_74980,0,0.0364,0.9973,-0.298,0.072,0.002,0.139,0.082,0.054,-0.125,-0.167,0.3,-0.875,0.133,-0.25,0.096,0.1,0.429
692,LOLTMNT01_76009,0,-1.0645,1.2325,-0.486,-0.047,-0.086,-0.183,-0.12,-0.632,-0.8,-1.0,-0.542,-0.497,-0.476,0.042,0.286,0.0,0.227
693,LOLTMNT01_75436,0,-1.0867,1.2444,-0.259,0.063,0.059,0.08,0.091,-0.667,-0.4,-1.0,-0.365,-0.25,-0.333,0.029,0.5,0.556,0.0
694,LOLTMNT01_75730,1,-0.61,-1.3674,0.018,-0.068,0.021,0.119,0.014,0.0,0.0,0.083,-0.273,-0.214,0.25,0.0,-0.071,0.095,-0.095
695,LOLTMNT01_76378,0,-1.3975,-0.5455,-0.16,-0.117,-0.038,-0.026,-0.02,0.165,0.333,0.1,0.15,0.2,0.6,0.286,-0.1,0.0,-0.467
696,LOLTMNT01_76402,1,0.3756,-0.2861,-0.178,0.029,0.121,0.404,-0.434,0.0,0.1,0.029,-0.333,-0.5,-0.333,-0.238,-0.714,-0.75,-0.167
697,LOLTMNT01_76429,0,-0.3293,0.4137,-0.076,-0.463,-0.006,0.039,-0.107,-0.38,-0.455,0.333,-0.324,0.357,0.067,0.25,0.0,-0.5,-0.5
